ticker,name,sector,quarter,date,mode,alpha,stock_price,gold_price,M_L_billions,M_H_billions,M_P_billions,M_M_billions,M_F_billions,substrate_billions,substrate_prod,VAM,SDI,SDI_linear,prod_growth,mf_growth,sub_growth,regime,prediction,confidence,fwd_return_6m,fwd_return_12m,fwd_return_24m,fwd_drawdown_12m,fwd_drawdown_24m,has_crash_12m,has_crash_24m,is_correct
AAPL,Apple Inc.,Technology,2017-Q1,2017-03-31,usd,1.25,33.16481399536133,1247.300048828125,8.09,25.98,27.16,82.36,690.6,35.9,1.55,0.7132,0.2415,0.1278,-0.091,0.1842,0.0564,Regime 3 (Parasitic),DANGER,0.776,0.0815,0.1864,0.3636,-0.0207,-0.0207,False,False,False
AAPL,Apple Inc.,Technology,2017-Q2,2017-06-30,usd,1.25,33.38515090942383,1240.699951171875,8.11,26.88,29.29,69.95,690.38,33.56,1.2455,0.7185,0.1656,0.1094,-0.045,0.1996,0.0902,Regime 3 (Parasitic),DANGER,0.689,0.1839,0.3053,0.4169,-0.009,-0.009,False,False,False
AAPL,Apple Inc.,Technology,2017-Q3,2017-09-30,usd,1.25,35.86673355102539,1281.5,8.02,26.88,33.78,79.72,735.44,37.1,1.3142,0.7155,0.2378,0.1616,-0.0609,0.2872,0.1256,Regime 3 (Parasitic),DANGER,0.772,0.0992,0.4898,0.5011,-0.0021,-0.0583,False,False,False
AAPL,Apple Inc.,Technology,2017-Q4,2017-12-31,usd,1.25,39.524696350097656,1306.300048828125,8.04,30.55,33.68,135.65,803.4,51.98,2.1119,0.6929,0.3087,0.2325,-0.0609,0.3615,0.129,Regime 3 (Parasitic),DANGER,0.853,0.0831,-0.0705,0.7563,-0.1348,-0.1622,False,False,True
AAPL,Apple Inc.,Technology,2018-Q1,2018-03-31,usd,1.25,39.34580993652344,1322.800048828125,8.04,30.11,35.08,93.69,777.99,41.73,1.4372,0.7102,0.0631,-0.0313,-0.0756,0.1192,0.1505,Regime 2 (Subcritical),CAUTION,0.55,0.3643,0.157,0.5723,-0.1376,-0.1376,False,False,
AAPL,Apple Inc.,Technology,2018-Q2,2018-06-30,usd,1.25,43.57723617553711,1251.300048828125,8.04,31.24,38.12,81.68,844.16,39.77,1.1778,0.7211,0.101,0.0312,-0.0558,0.2011,0.1699,Regime 2 (Subcritical),CAUTION,0.55,-0.1595,0.0735,0.9856,-0.235,-0.235,True,True,
AAPL,Apple Inc.,Technology,2018-Q3,2018-09-30,usd,1.25,53.32842254638672,1191.5,8.04,31.24,41.3,96.34,1014.3,44.23,1.328,0.7273,0.1327,0.1457,0.0105,0.3215,0.1757,Regime 2 (Subcritical),CAUTION,0.55,-0.1577,0.0008,1.0595,-0.3721,-0.3721,True,True,
AAPL,Apple Inc.,Technology,2018-Q4,2018-12-31,usd,1.25,37.394248962402344,1278.300048828125,8.04,34.74,39.6,128.12,707.47,52.62,1.7236,0.6758,0.1145,-0.1395,-0.2032,-0.1272,0.0123,Regime 2 (Subcritical),CAUTION,0.55,0.2882,0.8896,2.4716,-0.0986,-0.0986,False,False,
AAPL,Apple Inc.,Technology,2019-Q1,2019-03-31,usd,1.25,45.2231559753418,1293.0,8.04,33.62,38.75,87.28,833.42,41.92,1.2061,0.7156,0.2833,0.0642,-0.1753,0.0688,0.0046,Regime 3 (Parasitic),DANGER,0.824,0.153,0.3498,1.5604,-0.0903,-0.0903,False,False,False
AAPL,Apple Inc.,Technology,2019-Q2,2019-06-30,usd,1.25,47.30211639404297,1409.699951171875,8.04,34.73,37.64,80.91,857.38,40.33,1.118,0.7212,0.0667,0.0016,-0.0521,0.0155,0.014,Regime 2 (Subcritical),CAUTION,0.55,0.4477,0.8164,1.7564,-0.0407,-0.0407,False,False,
AAPL,Apple Inc.,Technology,2019-Q3,2019-09-30,usd,1.25,53.73134994506836,1465.699951171875,8.04,34.73,37.38,97.25,954.96,44.35,1.3487,0.7225,-0.0823,-0.063,0.0154,-0.0603,0.0027,Regime 2 (Subcritical),CAUTION,0.55,0.1438,1.0578,1.5928,-0.0224,-0.0224,False,False,
AAPL,Apple Inc.,Technology,2019-Q4,2019-12-31,usd,1.25,70.65937042236328,1519.5,8.04,38.59,37.03,140.87,1239.35,56.13,1.8628,0.725,0.399,0.4961,0.0777,0.5607,0.0645,Regime 3 (Parasitic),DANGER,0.95,0.2486,0.8372,1.4634,-0.2341,-0.2341,True,True,True
AAPL,Apple Inc.,Technology,2020-Q1,2020-03-31,usd,1.25,61.33359146118164,1583.4000244140625,8.04,38.07,35.89,89.48,1060.82,42.87,1.2099,0.7327,0.215,0.2189,0.0032,0.2413,0.0223,Regime 3 (Parasitic),DANGER,0.746,0.8027,0.9363,1.7844,-0.0526,-0.0526,False,False,False
AAPL,Apple Inc.,Technology,2020-Q2,2020-06-30,usd,1.25,88.22630310058594,1800.5,8.04,38.36,35.69,90.72,1511.82,43.2,1.2252,0.7529,0.3839,0.4984,0.0916,0.5672,0.0688,Regime 3 (Parasitic),DANGER,0.939,0.4841,0.5119,0.5178,-0.0019,-0.0019,False,False,False
AAPL,Apple Inc.,Technology,2020-Q3,2020-09-30,usd,1.25,112.23583221435547,1895.5,8.04,38.36,36.77,98.76,1905.4,45.48,1.3146,0.7608,0.6976,0.6656,-0.0256,0.6908,0.0251,Regime 3 (Parasitic),DANGER,0.95,0.0581,0.2297,0.2077,-0.0608,-0.0608,False,False,False
AAPL,Apple Inc.,Technology,2020-Q4,2020-12-31,usd,1.25,128.81680297851562,1895.0999755859375,8.04,43.18,37.93,177.31,2167.12,66.61,2.1861,0.7496,0.1875,0.3876,0.1601,0.5588,0.1712,Regime 3 (Parasitic),DANGER,0.714,0.0378,0.3465,-0.009,-0.1218,-0.1218,False,False,False
AAPL,Apple Inc.,Technology,2021-Q1,2021-03-31,usd,1.25,118.76161193847656,1713.800048828125,8.04,42.3,37.81,152.32,1981.69,60.12,1.9011,0.7502,-0.2782,0.2867,0.4519,0.6249,0.3382,Regime 2 (Subcritical),CAUTION,0.55,0.173,0.438,0.3662,0.0,0.0,False,False,
AAPL,Apple Inc.,Technology,2021-Q2,2021-06-30,usd,1.25,133.38699340820312,1771.5999755859375,8.04,44.52,38.62,141.02,2208.48,58.05,1.6964,0.7569,-0.3231,0.0836,0.3254,0.379,0.2954,Regime 2 (Subcritical),CAUTION,0.55,0.3136,0.004,0.4328,-0.045,-0.0792,False,False,
AAPL,Apple Inc.,Technology,2021-Q3,2021-09-30,usd,1.25,138.0150146484375,1757.0,8.04,44.52,39.44,141.02,2267.14,58.25,1.6797,0.7579,-0.3801,-0.0737,0.2451,0.1738,0.2476,Regime 2 (Subcritical),CAUTION,0.55,0.2374,-0.0178,0.224,-0.077,-0.11,False,False,
AAPL,Apple Inc.,Technology,2021-Q4,2021-12-31,usd,1.25,173.449462890625,1828.5999755859375,8.04,51.02,39.24,216.97,2834.31,78.82,2.4037,0.7546,-0.0185,0.1002,0.0949,0.2684,0.1682,Regime 2 (Subcritical),CAUTION,0.55,-0.2155,-0.264,0.0966,-0.2861,-0.2919,True,True,
AAPL,Apple Inc.,Technology,2022-Q1,2022-03-31,usd,1.25,170.77545166015625,1949.199951171875,8.04,50.32,39.3,170.24,2767.85,66.97,1.8994,0.7604,0.2272,0.2261,-0.0009,0.3341,0.108,Regime 3 (Parasitic),DANGER,0.76,-0.1817,-0.0499,-0.0067,-0.2808,-0.2808,True,True,True
AAPL,Apple Inc.,Technology,2022-Q2,2022-06-30,usd,1.25,133.9139404296875,1807.300048828125,8.04,51.24,40.34,143.54,2155.4,60.79,1.5675,0.7537,0.0283,-0.0705,-0.079,-0.0243,0.0461,Regime 2 (Subcritical),CAUTION,0.55,-0.0491,0.4272,0.558,-0.0828,-0.0828,False,False,
AAPL,Apple Inc.,Technology,2022-Q3,2022-09-30,usd,1.25,135.55160522460938,1672.0,8.04,51.24,42.12,143.54,2161.16,61.23,1.5376,0.7534,0.0127,-0.0978,-0.0884,-0.0479,0.0499,Regime 2 (Subcritical),CAUTION,0.55,0.197,0.2462,0.6665,-0.0939,-0.0939,False,False,
AAPL,Apple Inc.,Technology,2022-Q4,2022-12-31,usd,1.25,127.65151977539062,1826.199951171875,8.04,57.26,42.95,201.33,2022.31,77.4,2.009,0.737,-0.0951,-0.3193,-0.1794,-0.3376,-0.0182,Regime 2 (Subcritical),CAUTION,0.55,0.5554,0.548,1.0377,-0.0004,-0.0004,False,False,
AAPL,Apple Inc.,Technology,2023-Q1,2023-03-31,usd,1.25,162.25563049316406,1969.0,8.04,54.63,43.4,167.9,2551.21,68.49,1.7128,0.756,0.0254,-0.1039,-0.1034,-0.0815,0.0224,Regime 2 (Subcritical),CAUTION,0.55,0.0411,0.0455,0.3347,-0.0291,-0.0291,False,False,
AAPL,Apple Inc.,Technology,2023-Q2,2023-06-30,usd,1.25,191.12342834472656,1929.4000244140625,8.04,53.66,43.55,145.65,2990.67,62.73,1.4983,0.7657,0.3526,0.2961,-0.0452,0.3275,0.0314,Regime 3 (Parasitic),DANGER,0.903,-0.0048,0.0916,0.047,-0.146,-0.146,False,False,False
AAPL,Apple Inc.,Technology,2023-Q3,2023-09-30,usd,1.25,168.92527770996094,1866.0999755859375,8.04,53.66,43.72,145.65,2626.8,62.77,1.4958,0.7608,0.2049,0.1704,-0.0276,0.1951,0.0247,Regime 3 (Parasitic),DANGER,0.734,-0.0105,0.3177,0.4787,-0.0479,-0.0479,False,False,False
AAPL,Apple Inc.,Technology,2023-Q4,2023-12-31,usd,1.25,190.2110137939453,2071.800048828125,8.04,57.93,43.67,219.42,2940.7,82.26,2.1598,0.7543,0.2229,0.3134,0.0724,0.3744,0.061,Regime 3 (Parasitic),DANGER,0.755,0.1375,0.3652,0.4849,-0.11,-0.11,False,False,False
AAPL,Apple Inc.,Technology,2024-Q1,2024-03-31,usd,1.25,169.6307373046875,2217.39990234375,8.04,57.48,43.55,169.08,2601.74,69.54,1.6736,0.7562,0.0334,0.0045,-0.0231,0.0196,0.0151,Regime 2 (Subcritical),CAUTION,0.55,0.3431,0.3126,0.5062,-0.0296,-0.0296,False,False,
AAPL,Apple Inc.,Technology,2024-Q2,2024-06-30,usd,1.25,208.6312255859375,2339.60009765625,8.04,57.3,44.5,158.71,3175.84,67.14,1.559,0.7655,-0.0575,-0.0079,0.0397,0.0601,0.068,Regime 2 (Subcritical),CAUTION,0.55,0.1819,-0.049,0.3466,-0.2018,-0.2018,True,True,
AAPL,Apple Inc.,Technology,2024-Q3,2024-09-30,usd,1.25,231.0670623779297,2659.39990234375,8.04,57.3,45.68,158.71,3492.99,67.43,1.5411,0.7685,0.1759,0.2133,0.0299,0.285,0.0717,Regime 3 (Parasitic),DANGER,0.701,-0.0446,0.0979,0.467,-0.2584,-0.2584,True,True,True
AAPL,Apple Inc.,Technology,2024-Q4,2024-12-31,usd,1.25,248.61578369140625,2641.0,8.04,61.77,46.07,233.1,3739.36,87.24,2.1615,0.762,0.1805,0.1815,0.0008,0.2403,0.0588,Regime 3 (Parasitic),DANGER,0.706,-0.1681,0.0905,0.3635,-0.3107,-0.3107,True,True,True
AAPL,Apple Inc.,Technology,2025-Q1,2025-03-31,usd,1.25,220.77207946777344,3122.800048828125,8.04,61.11,46.88,179.47,3298.18,73.87,1.6619,0.7634,0.1855,0.1767,-0.007,0.2372,0.0605,Regime 3 (Parasitic),DANGER,0.712,0.1482,0.1475,0.5354,-0.2238,-0.2238,True,True,True
AAPL,Apple Inc.,Technology,2025-Q2,2025-06-30,usd,1.25,204.18316650390625,3307.699951171875,8.04,62.06,48.51,174.87,3033.49,73.37,1.5815,0.7604,-0.1526,-0.1346,0.0144,-0.0459,0.0888,Regime 2 (Subcritical),CAUTION,0.55,0.3371,0.4159,0.6602,-0.0136,-0.0136,False,False,
AAPL,Apple Inc.,Technology,2025-Q3,2025-09-30,usd,1.25,253.69287109375,3873.199951171875,13.3,62.06,49.83,174.87,3747.87,75.02,1.5628,0.7673,-0.0536,-0.0362,0.0139,0.0704,0.1066,Regime 2 (Subcritical),CAUTION,0.55,-0.0014,0.3362,0.3362,-0.0368,-0.0368,False,False,
AAPL,Apple Inc.,Technology,2025-Q4,2025-12-31,usd,1.25,271.12200927734375,4341.10009765625,13.3,73.52,50.16,276.92,3986.23,103.47,2.2391,0.7576,-0.1508,-0.1067,0.0353,0.0639,0.1706,Regime 2 (Subcritical),CAUTION,0.55,0.0848,0.2503,0.2503,-0.0925,-0.0925,False,False,
AAPL,Apple Inc.,Technology,2026-Q1,2026-03-31,usd,1.25,253.337890625,4647.60009765625,25.8,75.58,50.12,219.12,3715.88,92.66,1.7432,0.7591,-0.167,-0.1073,0.0478,0.1192,0.2265,Regime 2 (Subcritical),CAUTION,0.55,0.3381,0.3381,0.3381,-0.0011,-0.0011,False,False,
AAPL,Apple Inc.,Technology,2026-Q2,2026-06-30,usd,1.25,289.11065673828125,4038.5,25.42,76.3,51.43,219.08,4223.61,93.06,1.7152,0.764,-0.0081,0.0933,0.0811,0.331,0.2377,Regime 2 (Subcritical),CAUTION,0.55,0.1725,0.1725,0.1725,0.0,0.0,False,False,
MSFT,Microsoft Corporation,Technology,2017-Q1,2017-03-31,usd,1.25,59.233543395996094,1247.300048828125,45.22,18.23,21.96,56.12,457.46,35.38,1.3964,0.6667,-0.0351,-0.156,-0.0967,0.1241,0.2801,Regime 2 (Subcritical),CAUTION,0.55,0.1436,0.4148,0.8591,-0.0138,-0.0138,False,False,
MSFT,Microsoft Corporation,Technology,2017-Q2,2017-06-30,usd,1.25,62.350013732910156,1240.699951171875,45.23,18.23,23.73,59.44,480.59,36.66,1.4166,0.6686,-0.1041,-0.1339,-0.0238,0.1814,0.3153,Regime 2 (Subcritical),CAUTION,0.55,0.2538,0.4585,1.0135,-0.011,-0.011,False,False,
MSFT,Microsoft Corporation,Technology,2017-Q3,2017-09-30,usd,1.25,67.73825073242188,1281.5,44.99,18.96,24.81,65.04,522.94,38.45,1.486,0.6737,-0.1513,-0.0836,0.0541,0.2727,0.3563,Regime 2 (Subcritical),CAUTION,0.55,0.2352,0.5605,0.9268,-0.0047,-0.0047,False,False,
MSFT,Microsoft Corporation,Technology,2017-Q4,2017-12-31,usd,1.25,78.17733001708984,1306.300048828125,44.39,18.45,26.3,71.42,602.36,40.14,1.5957,0.6862,0.1431,0.1973,0.0433,0.3384,0.1412,Regime 2 (Subcritical),CAUTION,0.55,0.1577,0.2022,0.8941,-0.0109,-0.0109,False,False,
MSFT,Microsoft Corporation,Technology,2018-Q1,2018-03-31,usd,1.25,83.80594635009766,1322.800048828125,44.13,19.69,27.93,70.2,644.47,40.49,1.4741,0.6928,0.1402,0.2079,0.0542,0.3427,0.1348,Regime 2 (Subcritical),CAUTION,0.55,0.3026,0.3548,0.865,0.0,0.0,False,False,
MSFT,Microsoft Corporation,Technology,2018-Q2,2018-06-30,usd,1.25,90.9381332397461,1251.300048828125,43.74,19.69,29.46,81.37,698.13,43.56,1.6555,0.6938,0.006,0.2008,0.1558,0.3734,0.1726,Regime 2 (Subcritical),CAUTION,0.55,0.012,0.3612,1.0412,-0.0511,-0.0511,False,False,
MSFT,Microsoft Corporation,Technology,2018-Q3,2018-09-30,usd,1.25,105.87792205810547,1191.5,43.43,20.5,31.43,76.72,813.14,43.02,1.4772,0.7104,0.3365,0.3291,-0.0059,0.4414,0.1124,Regime 3 (Parasitic),DANGER,0.885,0.0289,0.2215,0.8417,-0.1823,-0.1823,False,False,False
MSFT,Microsoft Corporation,Technology,2018-Q4,2018-12-31,usd,1.25,94.43452453613281,1278.300048828125,50.06,20.81,32.72,80.19,725.54,45.94,1.4982,0.692,0.1298,0.051,-0.063,0.1861,0.135,Regime 2 (Subcritical),CAUTION,0.55,0.3465,0.5756,1.2383,-0.0411,-0.0411,False,False,
MSFT,Microsoft Corporation,Technology,2019-Q1,2019-03-31,usd,1.25,110.12281799316406,1293.0,49.96,21.98,33.65,81.6,844.2,46.8,1.467,0.7059,0.1312,0.1251,-0.0049,0.27,0.1449,Regime 2 (Subcritical),CAUTION,0.55,0.1654,0.3641,0.9938,0.0,0.0,False,False,
MSFT,Microsoft Corporation,Technology,2019-Q2,2019-06-30,usd,1.25,125.54399108886719,1409.699951171875,49.78,21.98,36.48,93.22,959.53,50.36,1.5947,0.7113,0.2198,0.173,-0.0374,0.318,0.145,Regime 3 (Parasitic),DANGER,0.751,0.1795,0.4806,1.0445,-0.0256,-0.0256,False,False,False
MSFT,Microsoft Corporation,Technology,2019-Q3,2019-09-30,usd,1.25,130.72935485839844,1465.699951171875,49.62,22.5,38.41,90.6,997.99,50.28,1.4873,0.7149,0.0403,0.0489,0.0068,0.2048,0.156,Regime 2 (Subcritical),CAUTION,0.55,0.1596,0.5077,1.0849,-0.0315,-0.0315,False,False,
MSFT,Microsoft Corporation,Technology,2019-Q4,2019-12-31,usd,1.25,148.7892608642578,1519.5,49.37,22.9,40.52,98.19,1132.44,52.75,1.5483,0.7216,0.266,0.3071,0.0329,0.4452,0.1381,Regime 3 (Parasitic),DANGER,0.804,0.2976,0.4206,1.1927,-0.1389,-0.1389,False,False,False
MSFT,Microsoft Corporation,Technology,2020-Q1,2020-03-31,usd,1.25,149.20513916015625,1583.4000244140625,48.92,24.64,41.22,96.18,1132.47,52.74,1.4604,0.7216,0.1798,0.1742,-0.0045,0.2938,0.1195,Regime 3 (Parasitic),DANGER,0.706,0.321,0.5102,0.9909,-0.0355,-0.0355,False,False,False
MSFT,Microsoft Corporation,Technology,2020-Q2,2020-06-30,usd,1.25,193.07147216796875,1800.5,50.39,24.64,44.15,102.78,1461.74,55.49,1.494,0.7366,0.4055,0.324,-0.0652,0.4209,0.0969,Regime 3 (Parasitic),DANGER,0.95,0.107,0.344,0.2846,-0.013,-0.013,False,False,False
MSFT,Microsoft Corporation,Technology,2020-Q3,2020-09-30,usd,1.25,200.02403259277344,1895.5,50.81,24.18,47.93,104.61,1512.98,56.88,1.4507,0.7372,0.3239,0.2928,-0.0249,0.4161,0.1233,Regime 3 (Parasitic),DANGER,0.87,0.1265,0.3527,0.1268,-0.038,-0.038,False,False,False
MSFT,Microsoft Corporation,Technology,2020-Q4,2020-12-31,usd,1.25,212.07540893554688,1895.0999755859375,50.77,24.15,51.74,115.53,1600.32,60.55,1.5223,0.7369,0.2291,0.2079,-0.0169,0.3458,0.1379,Regime 3 (Parasitic),DANGER,0.762,0.2268,0.5248,0.0975,-0.0457,-0.0457,False,False,False
MSFT,Microsoft Corporation,Technology,2021-Q1,2021-03-31,usd,1.25,225.322265625,1713.800048828125,57.83,26.12,54.95,114.64,1697.58,63.38,1.4142,0.7376,0.2612,0.221,-0.0322,0.4048,0.1838,Regime 3 (Parasitic),DANGER,0.799,0.2097,0.3183,0.2449,0.0,-0.0798,False,False,False
MSFT,Microsoft Corporation,Technology,2021-Q2,2021-06-30,usd,1.25,259.49322509765625,1771.5999755859375,57.51,26.12,59.72,114.64,1951.13,64.5,1.3356,0.745,0.2785,0.1383,-0.1121,0.2888,0.1505,Regime 2 (Subcritical),CAUTION,0.55,0.267,-0.0442,0.2796,-0.0984,-0.201,False,True,
MSFT,Microsoft Corporation,Technology,2021-Q3,2021-09-30,usd,1.25,270.5662841796875,1757.0,58.25,27.54,63.77,126.68,2031.95,69.06,1.3873,0.7434,0.1568,0.1009,-0.0447,0.2949,0.194,Regime 2 (Subcritical),CAUTION,0.55,0.0979,-0.167,0.1403,-0.167,-0.2337,False,True,
MSFT,Microsoft Corporation,Technology,2021-Q4,2021-12-31,usd,1.25,323.3659973144531,1828.5999755859375,58.38,28.57,67.21,139.07,2425.24,73.31,1.452,0.7499,0.2836,0.2245,-0.0473,0.4157,0.1913,Regime 3 (Parasitic),DANGER,0.824,-0.2248,-0.2802,0.1386,-0.3588,-0.3588,True,True,True
MSFT,Microsoft Corporation,Technology,2022-Q1,2022-03-31,usd,1.25,297.04779052734375,1949.199951171875,78.72,31.14,70.3,134.98,2222.81,78.79,1.3306,0.7409,0.1282,0.0521,-0.0609,0.2696,0.2175,Regime 2 (Subcritical),CAUTION,0.55,-0.2262,-0.0557,0.3893,-0.302,-0.302,True,True,
MSFT,Microsoft Corporation,Technology,2022-Q2,2022-06-30,usd,1.25,248.02462768554688,1807.300048828125,78.82,31.14,74.4,134.98,1851.26,79.84,1.2789,0.7275,-0.2117,-0.2659,-0.0433,-0.0525,0.2133,Regime 2 (Subcritical),CAUTION,0.55,-0.057,0.3388,0.7708,-0.164,-0.164,False,False,
MSFT,Microsoft Corporation,Technology,2022-Q3,2022-09-30,usd,1.25,225.39247131347656,1672.0,78.27,32.1,77.04,138.68,1680.75,81.52,1.2706,0.7181,-0.2458,-0.3556,-0.0878,-0.1898,0.1659,Regime 2 (Subcritical),CAUTION,0.55,0.2445,0.3688,0.8695,-0.0801,-0.0801,False,False,
MSFT,Microsoft Corporation,Technology,2022-Q4,2022-12-31,usd,1.25,232.74351501464844,1826.199951171875,78.26,36.72,82.75,141.04,1733.24,84.69,1.1804,0.7174,-0.2215,-0.4803,-0.207,-0.3359,0.1444,Regime 2 (Subcritical),CAUTION,0.55,0.4281,0.5835,0.8023,-0.0721,-0.0721,False,False,
MSFT,Microsoft Corporation,Technology,2023-Q1,2023-03-31,usd,1.25,280.4937438964844,1969.0,77.82,34.51,88.13,146.92,2086.03,86.84,1.1979,0.7301,-0.0296,-0.1609,-0.105,-0.0635,0.0974,Regime 2 (Subcritical),CAUTION,0.55,0.0999,0.4713,0.3348,-0.0447,-0.0447,False,False,
MSFT,Microsoft Corporation,Technology,2023-Q2,2023-06-30,usd,1.25,332.04351806640625,1929.4000244140625,77.25,34.51,95.64,146.92,2467.75,88.58,1.1288,0.7401,0.3396,0.1835,-0.1248,0.2874,0.1039,Regime 3 (Parasitic),DANGER,0.888,0.1088,0.3227,0.479,-0.0815,-0.0815,False,False,False
MSFT,Microsoft Corporation,Technology,2023-Q3,2023-09-30,usd,1.25,308.52386474609375,1866.0999755859375,76.69,32.53,102.5,160.86,2292.64,93.14,1.1913,0.7319,0.2578,0.1772,-0.0645,0.3105,0.1333,Regime 3 (Parasitic),DANGER,0.795,0.3125,0.3401,0.6232,-0.0261,-0.0261,False,False,False
MSFT,Microsoft Corporation,Technology,2023-Q4,2023-12-31,usd,1.25,368.17987060546875,2071.800048828125,148.83,36.48,112.31,169.59,2736.31,116.8,1.1398,0.7282,0.1789,0.1352,-0.035,0.4566,0.3214,Regime 2 (Subcritical),CAUTION,0.55,0.2095,0.1541,0.334,-0.0084,-0.0349,False,False,
MSFT,Microsoft Corporation,Technology,2024-Q1,2024-03-31,usd,1.25,412.6877136230469,2217.39990234375,147.99,38.26,121.38,173.41,3067.51,120.26,1.0863,0.7343,0.1823,0.0601,-0.0978,0.3856,0.3255,Regime 2 (Subcritical),CAUTION,0.55,0.0118,-0.1091,-0.1147,-0.1091,-0.1585,False,False,
MSFT,Microsoft Corporation,Technology,2024-Q2,2024-06-30,usd,1.25,439.20770263671875,2339.60009765625,146.82,38.26,135.59,173.41,3265.07,123.52,0.9975,0.7367,0.1021,-0.0525,-0.1237,0.28,0.3325,Regime 2 (Subcritical),CAUTION,0.55,-0.0538,0.0974,-0.1704,-0.2192,-0.2192,True,True,
MSFT,Microsoft Corporation,Technology,2024-Q3,2024-09-30,usd,1.25,423.6082763671875,2659.39990234375,146.12,36.87,152.86,181.94,3149.95,129.45,0.959,0.731,0.2597,-0.0115,-0.2169,0.3177,0.3291,Regime 2 (Subcritical),CAUTION,0.55,-0.1241,0.2127,0.1841,-0.1727,-0.1727,False,False,
MSFT,Microsoft Corporation,Technology,2024-Q4,2024-12-31,usd,1.25,415.77569580078125,2641.0,144.58,38.96,166.9,191.33,3091.29,135.44,0.9294,0.7262,0.229,-0.0261,-0.2041,0.122,0.1481,Regime 2 (Subcritical),CAUTION,0.55,0.1719,0.1558,0.2064,-0.1571,-0.1571,False,False,
MSFT,Microsoft Corporation,Technology,2025-Q1,2025-03-31,usd,1.25,371.034423828125,3122.800048828125,143.3,39.74,183.94,192.59,2758.27,139.89,0.861,0.7141,0.0331,-0.2575,-0.2324,-0.1063,0.1512,Regime 2 (Subcritical),CAUTION,0.55,0.3756,-0.0064,0.3519,-0.0555,-0.0555,False,False,
MSFT,Microsoft Corporation,Technology,2025-Q2,2025-06-30,usd,1.25,492.54119873046875,3307.699951171875,142.11,39.74,204.97,192.59,3661.55,144.85,0.787,0.7337,0.2515,-0.0447,-0.237,0.1146,0.1593,Regime 2 (Subcritical),CAUTION,0.55,-0.0173,-0.2441,0.0184,-0.285,-0.285,True,True,
MSFT,Microsoft Corporation,Technology,2025-Q3,2025-09-30,usd,1.25,513.7232666015625,3873.199951171875,140.73,39.81,230.86,214.52,3819.02,156.48,0.7926,0.7313,0.2412,0.003,-0.1906,0.1926,0.1896,Regime 2 (Subcritical),CAUTION,0.55,-0.2823,-0.0236,-0.0236,-0.3145,-0.3145,True,True,
MSFT,Microsoft Corporation,Technology,2025-Q4,2025-12-31,usd,1.25,480.5711364746094,4341.10009765625,139.91,41.74,261.13,221.18,3570.16,165.99,0.7303,0.7217,0.2421,-0.0594,-0.2411,0.144,0.2034,Regime 2 (Subcritical),CAUTION,0.55,-0.2019,0.0438,0.0438,-0.2672,-0.2672,True,True,
MSFT,Microsoft Corporation,Technology,2026-Q1,2026-03-31,usd,1.25,368.67596435546875,4647.60009765625,138.99,43.38,283.23,224.23,2738.89,172.46,0.6865,0.6928,0.0667,-0.2163,-0.2264,-0.007,0.2093,Regime 2 (Subcritical),CAUTION,0.55,0.3606,0.3606,0.3606,-0.0448,-0.0448,False,False,
MSFT,Microsoft Corporation,Technology,2026-Q2,2026-06-30,usd,1.25,372.319091796875,4038.5,138.26,43.38,313.08,224.23,2765.21,179.74,0.6291,0.6894,-0.2165,-0.4966,-0.224,-0.2808,0.2158,Regime 2 (Subcritical),CAUTION,0.55,0.3473,0.3473,0.3473,0.0,0.0,False,False,
BA,The Boeing Company,Aerospace & Defense,2017-Q1,2017-03-31,usd,1.25,165.38504028320312,1247.300048828125,7.84,7.08,12.84,14.85,167.41,10.65,0.7452,0.6907,2.5612,2.5946,0.0267,2.6245,0.0299,Regime 3 (Parasitic),DANGER,0.95,0.457,0.8987,1.2522,-0.007,-0.007,False,False,False
BA,The Boeing Company,Aerospace & Defense,2017-Q2,2017-06-30,usd,1.25,186.33531188964844,1240.699951171875,7.91,7.41,12.82,17.4,188.62,11.39,0.8602,0.6967,1.6991,2.6545,0.7643,2.7438,0.0893,Regime 3 (Parasitic),DANGER,0.95,0.5083,0.733,0.9187,0.0,0.0,False,False,False
BA,The Boeing Company,Aerospace & Defense,2017-Q3,2017-09-30,usd,1.25,240.96498107910156,1281.5,7.87,6.73,12.71,17.29,243.92,11.15,0.8893,0.7228,2.8516,2.9753,0.0989,3.0019,0.0266,Regime 3 (Parasitic),DANGER,0.95,0.2941,0.4824,0.5496,-0.0021,-0.0021,False,False,False
BA,The Boeing Company,Aerospace & Defense,2017-Q4,2017-12-31,usd,1.25,281.047119140625,1306.300048828125,8.13,6.73,12.67,12.12,284.49,9.91,0.6247,0.7417,0.1408,0.5842,0.3547,0.6664,0.0822,Regime 2 (Subcritical),CAUTION,0.55,0.1415,0.1078,0.1447,-0.0006,-0.0006,False,False,
BA,The Boeing Company,Aerospace & Defense,2018-Q1,2018-03-31,usd,1.25,314.0097351074219,1322.800048828125,8.08,7.04,12.63,18.23,317.86,11.5,0.9268,0.7395,0.2922,0.5649,0.2181,0.6411,0.0762,Regime 3 (Parasitic),DANGER,0.834,0.1649,0.2062,-0.5069,-0.0744,-0.6923,False,True,True
BA,The Boeing Company,Aerospace & Defense,2018-Q2,2018-06-30,usd,1.25,322.91986083984375,1251.300048828125,8.04,8.08,12.61,18.89,326.88,11.91,0.9129,0.7391,0.431,0.5054,0.0595,0.5499,0.0445,Regime 3 (Parasitic),DANGER,0.95,-0.0496,0.1053,-0.3987,-0.1163,-0.7063,False,True,True
BA,The Boeing Company,Aerospace & Defense,2018-Q3,2018-09-30,usd,1.25,359.7129821777344,1191.5,8.25,7.92,12.57,16.42,364.12,11.29,0.8015,0.7484,0.5178,0.3879,-0.1039,0.4007,0.0127,Regime 3 (Parasitic),DANGER,0.95,0.0074,0.0169,-0.5576,-0.227,-0.7431,True,True,True
BA,The Boeing Company,Aerospace & Defense,2018-Q4,2018-12-31,usd,1.25,313.37225341796875,1278.300048828125,11.27,7.92,12.64,16.7,317.21,12.13,0.8121,0.7358,-0.421,-0.0933,0.2622,0.1089,0.2021,Regime 2 (Subcritical),CAUTION,0.55,0.1172,0.0334,-0.3086,-0.036,-0.6968,False,True,
BA,The Boeing Company,Aerospace & Defense,2019-Q1,2019-03-31,usd,1.25,372.486572265625,1293.0,11.46,8.2,12.59,17.09,377.05,12.34,0.8218,0.7454,0.2506,0.1003,-0.1203,0.1708,0.0705,Regime 3 (Parasitic),DANGER,0.786,-0.0104,-0.6017,-0.3409,-0.7515,-0.7515,True,True,True
BA,The Boeing Company,Aerospace & Defense,2019-Q2,2019-06-30,usd,1.25,357.526611328125,1409.699951171875,11.81,5.99,12.6,18.9,361.91,12.33,1.0166,0.7431,-0.0674,0.067,0.1075,0.1018,0.0348,Regime 2 (Subcritical),CAUTION,0.55,-0.0626,-0.4445,-0.3266,-0.7286,-0.7286,True,True,
BA,The Boeing Company,Aerospace & Defense,2019-Q3,2019-09-30,usd,1.25,376.0252685546875,1465.699951171875,11.65,7.12,12.53,12.2,380.64,10.87,0.6211,0.7525,0.4009,0.0821,-0.255,0.0443,-0.0378,Regime 3 (Parasitic),DANGER,0.95,-0.595,-0.5649,-0.4007,-0.7473,-0.7473,True,True,True
BA,The Boeing Company,Aerospace & Defense,2019-Q4,2019-12-31,usd,1.25,323.83331298828125,1519.5,11.4,7.12,12.5,21.49,327.8,13.13,1.0956,0.7328,-0.4202,-0.0459,0.2995,0.0328,0.0787,Regime 2 (Subcritical),CAUTION,0.55,-0.434,-0.3309,-0.374,-0.7066,-0.7066,True,True,
BA,The Boeing Company,Aerospace & Defense,2020-Q1,2020-03-31,usd,1.25,149.13999938964844,1583.4000244140625,11.31,6.18,12.4,0.56,150.97,7.61,0.0301,0.7152,3.6996,-0.4328,-3.3059,-0.9153,-0.4825,Regime 3 (Parasitic),DANGER,0.95,0.097,0.7079,0.284,-0.1954,-0.1954,False,False,False
BA,The Boeing Company,Aerospace & Defense,2020-Q2,2020-06-30,usd,1.25,183.3000030517578,1800.5,11.08,7.14,12.18,14.17,185.55,11.14,0.7331,0.697,-0.1587,-0.5673,-0.3269,-0.6681,-0.1008,Regime 2 (Subcritical),CAUTION,0.55,0.1798,0.3069,-0.2541,-0.2123,-0.3679,True,True,
BA,The Boeing Company,Aerospace & Defense,2020-Q3,2020-09-30,usd,1.25,165.25999450683594,1895.5,11.01,6.12,11.97,4.14,167.29,8.31,0.2287,0.7159,0.6958,-0.5531,-0.9991,-0.8221,-0.2691,Regime 3 (Parasitic),DANGER,0.95,0.5413,0.3309,-0.2673,-0.1263,-0.2989,False,True,True
BA,The Boeing Company,Aerospace & Defense,2020-Q4,2020-12-31,usd,1.25,214.05999755859375,1895.0999755859375,10.92,6.12,11.82,18.36,216.68,11.81,1.0239,0.7073,-0.2233,-0.3079,-0.0677,-0.414,-0.1061,Regime 2 (Subcritical),CAUTION,0.55,0.1199,-0.0595,-0.1101,-0.1209,-0.4587,False,True,
BA,The Boeing Company,Aerospace & Defense,2021-Q1,2021-03-31,usd,1.25,254.72000122070312,1713.800048828125,10.85,6.12,11.64,5.64,257.84,8.56,0.3172,0.7446,-2.5246,0.4179,2.354,0.5353,0.1173,Regime 2 (Subcritical),CAUTION,0.55,-0.1153,-0.2482,-0.166,-0.3359,-0.5451,True,True,
BA,The Boeing Company,Aerospace & Defense,2021-Q2,2021-06-30,usd,1.25,239.55999755859375,1771.5999755859375,10.78,6.15,11.34,9.64,242.5,9.48,0.5512,0.7343,0.7863,0.4298,-0.2852,0.2677,-0.1621,Regime 3 (Parasitic),DANGER,0.95,-0.1499,-0.4293,-0.1186,-0.5164,-0.5164,True,True,True
BA,The Boeing Company,Aerospace & Defense,2021-Q3,2021-09-30,usd,1.25,219.94000244140625,1757.0,10.7,6.69,11.11,6.85,222.64,8.84,0.3847,0.7332,-0.426,0.2241,0.5201,0.2858,0.0618,Regime 2 (Subcritical),CAUTION,0.55,-0.1293,-0.4495,-0.1285,-0.4732,-0.4732,True,True,
BA,The Boeing Company,Aerospace & Defense,2021-Q4,2021-12-31,usd,1.25,201.32000732421875,1828.5999755859375,10.63,6.69,10.92,6.85,203.79,8.77,0.389,0.7273,1.4457,0.2358,-0.9679,-0.0614,-0.2972,Regime 3 (Parasitic),DANGER,0.95,-0.3054,-0.0538,0.2948,-0.4245,-0.4245,True,True,True
BA,The Boeing Company,Aerospace & Defense,2022-Q1,2022-03-31,usd,1.25,191.5,1949.199951171875,10.56,5.98,10.76,1.38,193.85,7.17,0.0827,0.7383,1.573,-0.1078,-1.3446,-0.2853,-0.1775,Regime 3 (Parasitic),DANGER,0.95,-0.3455,0.1093,0.0078,-0.395,-0.395,True,True,True
BA,The Boeing Company,Aerospace & Defense,2022-Q2,2022-06-30,usd,1.25,136.72000122070312,1807.300048828125,10.49,5.46,10.62,8.49,138.4,8.76,0.5278,0.6911,-0.4285,-0.4827,-0.0433,-0.5609,-0.0782,Regime 2 (Subcritical),CAUTION,0.55,0.3817,0.5445,0.3313,-0.1144,-0.1144,False,False,
BA,The Boeing Company,Aerospace & Defense,2022-Q3,2022-09-30,usd,1.25,121.08000183105469,1672.0,10.42,7.81,10.51,19.15,122.56,11.97,1.0452,0.6292,-2.1497,-0.9004,0.9995,-0.5969,0.3035,Regime 2 (Subcritical),CAUTION,0.55,0.7545,0.5831,0.291,0.0,0.0,False,False,
BA,The Boeing Company,Aerospace & Defense,2022-Q4,2022-12-31,usd,1.25,190.49000549316406,1826.199951171875,10.37,7.81,10.55,19.15,192.83,11.97,1.0428,0.6937,-1.5989,-0.3662,0.9862,-0.0553,0.3109,Regime 2 (Subcritical),CAUTION,0.55,0.0807,0.334,-0.0964,-0.0904,-0.293,False,True,
BA,The Boeing Company,Aerospace & Defense,2023-Q1,2023-03-31,usd,1.25,212.42999267578125,1969.0,10.32,8.18,10.49,7.69,215.03,9.17,0.4119,0.728,-2.1497,-0.1424,1.6059,0.1037,0.2461,Regime 2 (Subcritical),CAUTION,0.55,-0.0977,-0.0915,-0.1842,-0.1633,-0.3497,False,True,
BA,The Boeing Company,Aerospace & Defense,2023-Q2,2023-06-30,usd,1.25,211.16000366210938,1929.4000244140625,10.26,8.33,10.46,7.76,213.75,9.2,0.4128,0.7273,0.6933,0.3862,-0.2457,0.4347,0.0485,Regime 3 (Parasitic),DANGER,0.95,0.2344,-0.138,0.0161,-0.2218,-0.3531,True,True,True
BA,The Boeing Company,Aerospace & Defense,2023-Q3,2023-09-30,usd,1.25,191.67999267578125,1866.0999755859375,10.21,8.0,10.48,4.66,194.03,8.34,0.2521,0.7275,2.5986,0.8208,-1.4223,0.4594,-0.3614,Regime 3 (Parasitic),DANGER,0.95,0.0275,-0.1678,0.1557,-0.1896,-0.2728,False,True,True
BA,The Boeing Company,Aerospace & Defense,2023-Q4,2023-12-31,usd,1.25,260.6600036621094,2071.800048828125,10.19,8.0,10.66,4.66,263.86,8.38,0.2497,0.7471,2.4572,0.6704,-1.4295,0.3136,-0.3567,Regime 3 (Parasitic),DANGER,0.95,-0.277,-0.2987,-0.1321,-0.4513,-0.4575,True,True,True
BA,The Boeing Company,Aerospace & Defense,2024-Q1,2024-03-31,usd,1.25,192.99000549316406,2217.39990234375,10.12,8.12,10.7,7.5,195.36,9.11,0.3989,0.7209,-0.0491,-0.0893,-0.0322,-0.096,-0.0066,Regime 2 (Subcritical),CAUTION,0.55,-0.1751,-0.1,0.0503,-0.271,-0.2792,True,True,
BA,The Boeing Company,Aerospace & Defense,2024-Q2,2024-06-30,usd,1.25,182.00999450683594,2339.60009765625,10.18,9.32,10.98,4.92,184.24,8.85,0.2422,0.7186,0.5572,-0.1096,-0.5334,-0.1486,-0.039,Regime 3 (Parasitic),DANGER,0.95,-0.032,0.1223,0.1595,-0.2684,-0.2684,True,True,True
BA,The Boeing Company,Aerospace & Defense,2024-Q3,2024-09-30,usd,1.25,152.0399932861328,2659.39990234375,10.12,8.96,11.24,21.41,153.9,12.93,1.0602,0.6542,-2.466,-0.6702,1.4366,-0.2317,0.4385,Regime 2 (Subcritical),CAUTION,0.55,0.1217,0.4196,0.323,-0.1016,-0.1016,False,False,
BA,The Boeing Company,Aerospace & Defense,2024-Q4,2024-12-31,usd,1.25,177.0,2641.0,10.04,8.96,11.41,21.41,179.17,12.95,1.0511,0.6754,-2.6197,-0.8229,1.4374,-0.3871,0.4358,Regime 2 (Subcritical),CAUTION,0.55,0.1853,0.2267,0.1364,-0.2283,-0.2283,True,True,
BA,The Boeing Company,Aerospace & Defense,2025-Q1,2025-03-31,usd,1.25,170.5500030517578,3122.800048828125,9.99,7.82,11.46,9.67,172.64,9.74,0.5014,0.7034,-0.476,-0.1901,0.2287,-0.1236,0.0665,Regime 2 (Subcritical),CAUTION,0.55,0.2728,0.167,0.1794,-0.1991,-0.1991,False,False,
BA,The Boeing Company,Aerospace & Defense,2025-Q2,2025-06-30,usd,1.25,209.52999877929688,3307.699951171875,8.82,10.81,11.66,9.74,212.1,10.26,0.4335,0.7178,-0.7348,-0.0071,0.5822,0.1408,0.1479,Regime 2 (Subcritical),CAUTION,0.55,0.0368,0.0331,-0.04,-0.1451,-0.1451,False,False,
BA,The Boeing Company,Aerospace & Defense,2025-Q3,2025-09-30,usd,1.25,215.8300018310547,3873.199951171875,8.78,9.68,12.08,27.92,218.48,14.61,1.2836,0.6859,-0.011,0.228,0.1912,0.3503,0.1223,Regime 2 (Subcritical),CAUTION,0.55,-0.0778,-0.068,-0.068,-0.1701,-0.1701,False,False,
BA,The Boeing Company,Aerospace & Defense,2025-Q4,2025-12-31,usd,1.25,217.1199951171875,4341.10009765625,18.84,9.68,15.36,27.92,219.78,17.95,1.1153,0.6583,-0.1961,-0.1219,0.0593,0.2043,0.3262,Regime 2 (Subcritical),CAUTION,0.55,0.0067,-0.0736,-0.0736,-0.1285,-0.1285,False,False,
BA,The Boeing Company,Aerospace & Defense,2026-Q1,2026-03-31,usd,1.25,199.02999877929688,4647.60009765625,19.15,8.4,15.76,10.18,201.47,13.37,0.4215,0.6858,0.054,-0.163,-0.1736,0.1544,0.3174,Regime 2 (Subcritical),CAUTION,0.55,0.0107,0.0107,0.0107,-0.0102,-0.0102,False,False,
BA,The Boeing Company,Aerospace & Defense,2026-Q2,2026-06-30,usd,1.25,216.47000122070312,4038.5,19.09,9.4,16.32,9.66,219.12,13.61,0.3755,0.6934,-0.071,-0.2505,-0.1436,0.0326,0.2831,Regime 2 (Subcritical),CAUTION,0.55,-0.0708,-0.0708,-0.0708,-0.0899,-0.0899,False,False,
GE,General Electric Company,Industrial Conglomerate,2017-Q1,2017-03-31,usd,1.25,130.82958984375,1247.300048828125,86.83,18.02,49.02,2.61,142.01,39.12,0.039,0.4146,2.6498,0.0756,-2.0594,-0.0498,-0.1254,Regime 3 (Parasitic),DANGER,0.95,-0.1736,-0.5323,-0.6319,-0.5527,-0.7629,True,True,True
GE,General Electric Company,Industrial Conglomerate,2017-Q2,2017-06-30,usd,1.25,119.58111572265625,1240.699951171875,89.26,17.15,50.17,5.47,129.42,40.51,0.0812,0.3835,1.8197,-0.0203,-1.472,-0.1169,-0.0966,Regime 3 (Parasitic),DANGER,0.95,-0.343,-0.4787,-0.5763,-0.5129,-0.7406,True,True,True
GE,General Electric Company,Industrial Conglomerate,2017-Q3,2017-09-30,usd,1.25,108.12152099609375,1281.5,108.5,19.42,54.1,7.34,117.2,47.34,0.0999,0.3488,1.4076,-0.2334,-1.3128,-0.189,0.0444,Regime 3 (Parasitic),DANGER,0.95,-0.443,-0.5249,-0.607,-0.5257,-0.7176,True,True,True
GE,General Electric Company,Industrial Conglomerate,2017-Q4,2017-12-31,usd,1.25,78.56686401367188,1306.300048828125,104.24,19.42,53.87,7.34,85.25,46.22,0.1002,0.3202,1.1948,-0.5787,-1.4188,-0.5678,0.0109,Regime 3 (Parasitic),DANGER,0.95,-0.23,-0.567,-0.3335,-0.6168,-0.6168,True,True,True
GE,General Electric Company,Industrial Conglomerate,2018-Q1,2018-03-31,usd,1.25,61.19462203979492,1322.800048828125,106.13,16.82,53.65,34.39,66.44,52.75,0.4881,0.2312,-4.2184,-1.0585,2.5279,-0.7597,0.2989,Regime 1 (Virtuous),HEALTHY,0.749,-0.1236,-0.1915,-0.3589,-0.4791,-0.5036,True,True,False
GE,General Electric Company,Industrial Conglomerate,2018-Q2,2018-06-30,usd,1.25,62.33317184448242,1251.300048828125,102.19,17.95,50.87,3.2,67.72,43.55,0.0465,0.3478,-0.0228,-0.7201,-0.5578,-0.6477,0.0724,Regime 1 (Virtuous),HEALTHY,0.636,-0.4322,-0.1727,-0.4618,-0.4933,-0.5661,True,True,False
GE,General Electric Company,Industrial Conglomerate,2018-Q3,2018-09-30,usd,1.25,52.20051574707031,1191.5,79.22,19.42,50.64,35.49,56.76,46.19,0.5065,0.1483,-2.73,-0.7005,1.6235,-0.7252,-0.0246,Regime 2 (Subcritical),CAUTION,0.55,-0.1386,-0.2275,-0.4685,-0.445,-0.5247,True,True,
GE,General Electric Company,Industrial Conglomerate,2018-Q4,2018-12-31,usd,1.25,35.04884719848633,1278.300048828125,77.77,19.42,50.75,3.04,38.13,37.75,0.0434,0.3165,0.4442,-0.6022,-0.8371,-0.8047,-0.2025,Regime 3 (Parasitic),DANGER,0.95,0.4634,0.5394,0.4848,0.0,-0.242,False,True,True
GE,General Electric Company,Industrial Conglomerate,2019-Q1,2019-03-31,usd,1.25,48.15446472167969,1293.0,70.25,16.58,50.27,14.35,52.49,37.86,0.2147,0.2224,1.1225,0.096,-0.8212,-0.2356,-0.3316,Regime 3 (Parasitic),DANGER,0.95,-0.1031,-0.2157,0.3284,-0.3927,-0.4543,True,True,True
GE,General Electric Company,Industrial Conglomerate,2019-Q2,2019-06-30,usd,1.25,50.661502838134766,1409.699951171875,68.92,16.74,49.94,0.51,55.27,34.03,0.0076,0.3076,2.3047,0.0436,-1.8088,-0.2032,-0.2468,Regime 3 (Parasitic),DANGER,0.95,0.0538,-0.3574,0.242,-0.482,-0.482,True,True,True
GE,General Electric Company,Industrial Conglomerate,2019-Q3,2019-09-30,usd,1.25,43.1812858581543,1465.699951171875,37.43,13.17,42.89,28.03,47.11,30.38,0.5001,0.114,0.2487,0.2326,-0.0129,-0.1864,-0.419,Regime 3 (Parasitic),DANGER,0.784,-0.1158,-0.312,0.4983,-0.3847,-0.3847,True,True,True
GE,General Electric Company,Industrial Conglomerate,2019-Q4,2019-12-31,usd,1.25,53.953025817871094,1519.5,37.39,13.17,43.29,2.91,58.93,24.19,0.0516,0.3001,0.6642,0.8805,0.173,0.4355,-0.4449,Regime 3 (Parasitic),DANGER,0.95,-0.3865,-0.0355,0.0695,-0.5076,-0.5076,True,True,True
GE,General Electric Company,Industrial Conglomerate,2020-Q1,2020-03-31,usd,1.25,38.42405319213867,1583.4000244140625,36.98,15.15,43.17,24.8,42.01,30.02,0.4252,0.1001,-0.8449,0.0093,0.6833,-0.2227,-0.232,Regime 2 (Subcritical),CAUTION,0.55,-0.2268,0.6616,0.4522,-0.3086,-0.3086,True,True,
GE,General Electric Company,Industrial Conglomerate,2020-Q2,2020-06-30,usd,1.25,33.10197830200195,1800.5,35.12,14.76,42.82,21.3,36.22,28.5,0.3699,0.1064,-5.0986,-0.2453,3.8827,-0.4226,-0.1773,Regime 2 (Subcritical),CAUTION,0.55,0.5501,0.9788,0.1744,-0.1288,-0.1288,False,False,
GE,General Electric Company,Industrial Conglomerate,2020-Q3,2020-09-30,usd,1.25,30.243959426879883,1895.5,35.19,15.29,42.21,23.3,33.12,29.0,0.4052,0.0913,-0.0429,-0.3057,-0.2103,-0.3524,-0.0466,Regime 2 (Subcritical),CAUTION,0.55,1.111,1.0738,0.2514,-0.0096,-0.0096,False,False,
GE,General Electric Company,Industrial Conglomerate,2020-Q4,2020-12-31,usd,1.25,52.47756576538086,1895.0999755859375,35.3,15.29,44.66,10.54,57.5,26.45,0.1759,0.2262,-1.6473,-0.1139,1.2268,-0.0246,0.0892,Regime 1 (Virtuous),HEALTHY,0.645,0.25,0.0969,-0.023,-0.0306,-0.2892,False,True,True
GE,General Electric Company,Industrial Conglomerate,2021-Q1,2021-03-31,usd,1.25,63.84614562988281,1713.800048828125,34.72,13.81,44.66,20.54,70.06,28.43,0.3513,0.2254,0.8044,0.5659,-0.1908,0.5114,-0.0545,Regime 3 (Parasitic),DANGER,0.95,0.0134,-0.126,0.1748,-0.1845,-0.4158,False,True,True
GE,General Electric Company,Industrial Conglomerate,2021-Q2,2021-06-30,usd,1.25,65.5006332397461,1771.5999755859375,34.95,13.88,44.66,21.93,71.9,28.86,0.3747,0.2253,0.6572,0.6732,0.0128,0.6857,0.0124,Regime 3 (Parasitic),DANGER,0.95,-0.1183,-0.4065,0.3158,-0.4065,-0.4305,True,True,True
GE,General Electric Company,Industrial Conglomerate,2021-Q3,2021-09-30,usd,1.25,62.72081756591797,1757.0,34.52,13.5,44.66,5.03,68.88,24.43,0.0865,0.318,2.8348,0.9038,-1.5448,0.7323,-0.1715,Regime 3 (Parasitic),DANGER,0.95,-0.1103,-0.3966,0.3849,-0.4053,-0.4053,True,True,True
GE,General Electric Company,Industrial Conglomerate,2021-Q4,2021-12-31,usd,1.25,57.56016159057617,1828.5999755859375,35.51,13.5,44.66,24.36,63.26,29.51,0.4189,0.1817,-1.0989,-0.014,0.8679,0.0955,0.1095,Regime 1 (Virtuous),HEALTHY,0.655,-0.326,-0.1092,0.7433,-0.352,-0.352,True,True,False
GE,General Electric Company,Industrial Conglomerate,2022-Q1,2022-03-31,usd,1.25,55.80063247680664,1949.199951171875,34.34,17.17,44.66,20.45,61.42,29.15,0.3307,0.1723,-0.0812,-0.1567,-0.0604,-0.1317,0.0251,Regime 1 (Virtuous),HEALTHY,0.613,-0.3128,0.3442,1.4732,-0.3316,-0.3316,True,True,True
GE,General Electric Company,Industrial Conglomerate,2022-Q2,2022-06-30,usd,1.25,38.875064849853516,1807.300048828125,33.82,13.66,44.66,22.38,42.63,28.63,0.3836,0.1247,-0.5443,-0.5148,0.0236,-0.5227,-0.0079,Regime 2 (Subcritical),CAUTION,0.55,0.3183,1.217,3.0357,-0.0405,-0.0405,False,False,
GE,General Electric Company,Industrial Conglomerate,2022-Q3,2022-09-30,usd,1.25,37.84736633300781,1672.0,33.0,14.22,44.66,22.9,41.35,28.69,0.389,0.1168,-2.551,-0.6712,1.5038,-0.5101,0.161,Regime 1 (Virtuous),HEALTHY,0.681,0.9818,1.2951,3.8493,0.0,0.0,False,False,True
GE,General Electric Company,Industrial Conglomerate,2022-Q4,2022-12-31,usd,1.25,51.27273178100586,1826.199951171875,33.42,14.22,44.66,8.89,55.84,25.3,0.151,0.2426,1.3051,0.0292,-1.0207,-0.1247,-0.154,Regime 3 (Parasitic),DANGER,0.95,0.6574,0.9297,2.2056,0.0,0.0,False,False,False
GE,General Electric Company,Industrial Conglomerate,2023-Q1,2023-03-31,usd,1.25,75.00733947753906,1969.0,19.1,10.29,44.66,30.02,81.68,26.02,0.5463,0.3125,-0.2286,0.3989,0.502,0.2851,-0.1138,Regime 2 (Subcritical),CAUTION,0.55,0.1581,0.8399,1.6475,-0.0209,-0.0209,False,False,
GE,General Electric Company,Industrial Conglomerate,2023-Q2,2023-06-30,usd,1.25,86.18782043457031,1929.4000244140625,19.3,11.25,44.66,0.14,93.8,18.84,0.0025,0.4932,7.497,1.2072,-5.0318,0.7887,-0.4185,Regime 3 (Parasitic),DANGER,0.95,0.1643,0.8203,1.9338,-0.0329,-0.0329,False,False,False
GE,General Electric Company,Industrial Conglomerate,2023-Q3,2023-09-30,usd,1.25,86.86361694335938,1866.0999755859375,18.97,10.57,44.66,1.39,94.54,18.9,0.0252,0.4925,4.6651,1.2445,-2.7365,0.8269,-0.4177,Regime 3 (Parasitic),DANGER,0.95,0.6145,1.1471,2.4219,-0.0249,-0.0249,False,False,False
GE,General Electric Company,Industrial Conglomerate,2023-Q4,2023-12-31,usd,1.25,100.3470687866211,2071.800048828125,19.08,10.57,44.66,6.36,109.22,20.17,0.1152,0.5006,1.235,0.8974,-0.2701,0.6708,-0.2266,Regime 3 (Parasitic),DANGER,0.95,0.5843,0.6834,2.1401,-0.015,-0.015,False,False,False
GE,General Electric Company,Industrial Conglomerate,2024-Q1,2024-03-31,usd,1.25,138.00765991210938,2217.39990234375,18.85,11.1,44.66,6.15,151.06,20.19,0.1102,0.5757,2.8691,0.8685,-1.6005,0.6149,-0.2536,Regime 3 (Parasitic),DANGER,0.95,0.3312,0.4422,1.0556,-0.0249,-0.0249,False,False,False
GE,General Electric Company,Industrial Conglomerate,2024-Q2,2024-06-30,usd,1.25,156.8881072998047,2339.60009765625,13.25,4.9,44.66,5.06,170.12,16.97,0.1022,0.6365,-3.9364,0.6998,3.7089,0.5953,-0.1045,Regime 2 (Subcritical),CAUTION,0.55,0.075,0.6299,1.3792,-0.0129,-0.0129,False,False,
GE,General Electric Company,Industrial Conglomerate,2024-Q3,2024-09-30,usd,1.25,186.70147705078125,2659.39990234375,13.12,6.64,44.66,7.41,202.07,17.96,0.1444,0.6518,-1.3715,0.8104,1.7455,0.7596,-0.0509,Regime 2 (Subcritical),CAUTION,0.55,0.0651,0.6051,0.7087,-0.1518,-0.1518,False,False,
GE,General Electric Company,Industrial Conglomerate,2024-Q4,2024-12-31,usd,1.25,165.3975372314453,2641.0,12.79,6.64,44.66,7.6,177.59,17.92,0.1481,0.6323,0.2907,0.6041,0.2507,0.4861,-0.118,Regime 3 (Parasitic),DANGER,0.832,0.4958,0.8573,0.9287,0.0,0.0,False,False,False
GE,General Electric Company,Industrial Conglomerate,2025-Q1,2025-03-31,usd,1.25,198.8483123779297,3122.800048828125,12.97,4.94,44.66,7.91,212.05,17.62,0.1595,0.6619,0.0135,0.4752,0.3694,0.3391,-0.1361,Regime 2 (Subcritical),CAUTION,0.55,0.471,0.4253,0.6043,-0.1666,-0.1666,False,False,
GE,General Electric Company,Industrial Conglomerate,2025-Q2,2025-06-30,usd,1.25,255.71603393554688,3307.699951171875,13.34,5.52,44.66,8.11,271.17,17.91,0.1617,0.6899,-0.161,0.4124,0.4588,0.4663,0.0539,Regime 2 (Subcritical),CAUTION,0.55,0.2152,0.4597,0.2475,-0.0491,-0.0491,False,False,
GE,General Electric Company,Industrial Conglomerate,2025-Q3,2025-09-30,usd,1.25,299.665771484375,3873.199951171875,13.32,6.44,44.66,8.63,316.09,18.26,0.1688,0.7037,0.2351,0.4307,0.1564,0.4474,0.0168,Regime 3 (Parasitic),DANGER,0.769,-0.0542,0.0646,0.0646,-0.0893,-0.0893,False,False,False
GE,General Electric Company,Industrial Conglomerate,2025-Q4,2025-12-31,usd,1.25,307.1990051269531,4341.10009765625,13.29,6.44,44.66,8.63,322.18,18.25,0.1688,0.7056,0.4132,0.5774,0.1314,0.5957,0.0182,Regime 3 (Parasitic),DANGER,0.95,0.219,0.0384,0.0384,-0.1116,-0.1116,False,False,False
GE,General Electric Company,Industrial Conglomerate,2026-Q1,2026-03-31,usd,1.25,283.4167175292969,4647.60009765625,13.15,6.1,44.66,7.62,295.7,17.88,0.15,0.6993,0.3943,0.3179,-0.0612,0.3325,0.0147,Regime 3 (Parasitic),DANGER,0.95,0.1256,0.1256,0.1256,-0.0264,-0.0264,False,False,False
GE,General Electric Company,Industrial Conglomerate,2026-Q2,2026-06-30,usd,1.25,373.2647399902344,4038.5,13.04,6.36,44.66,9.48,387.29,18.39,0.1858,0.7211,0.1562,0.3301,0.1391,0.3564,0.0264,Regime 3 (Parasitic),DANGER,0.679,-0.1454,-0.1454,-0.1454,-0.1774,-0.1774,False,False,True
AIG,American International Group,Financial / Insurance,2017-Q1,2017-03-31,usd,1.25,48.99892044067383,1247.300048828125,1.53,9.77,2.66,4.74,46.18,4.67,0.3813,0.6275,1.5716,0.2629,-1.047,-0.1154,-0.3782,Regime 3 (Parasitic),DANGER,0.95,-0.0065,-0.1095,-0.2755,-0.126,-0.3888,False,True,True
AIG,American International Group,Financial / Insurance,2017-Q2,2017-06-30,usd,1.25,49.31544876098633,1240.699951171875,1.53,8.73,2.66,4.52,44.55,4.36,0.3969,0.6325,0.6486,-0.0143,-0.5303,-0.1078,-0.0936,Regime 3 (Parasitic),DANGER,0.95,-0.0368,-0.1329,-0.1038,-0.1555,-0.3927,False,True,True
AIG,American International Group,Financial / Insurance,2017-Q3,2017-09-30,usd,1.25,48.680564880371094,1281.5,1.53,8.6,2.66,14.1,43.76,6.72,1.2528,0.5457,-3.3377,-0.81,2.0222,-0.0943,0.7158,Regime 2 (Subcritical),CAUTION,0.55,-0.1105,-0.1193,-0.0528,-0.151,-0.3895,False,True,
AIG,American International Group,Financial / Insurance,2017-Q4,2017-12-31,usd,1.25,47.49848556518555,1306.300048828125,1.7,8.6,2.52,15.16,42.7,7.0,1.3637,0.5323,-0.245,-0.105,0.1119,-0.1729,-0.0678,Regime 2 (Subcritical),CAUTION,0.55,-0.0985,-0.32,-0.0917,-0.3687,-0.3687,True,True,
AIG,American International Group,Financial / Insurance,2018-Q1,2018-03-31,usd,1.25,43.634422302246094,1322.800048828125,1.7,9.08,2.52,3.75,39.17,4.26,0.3233,0.6145,0.1335,-0.0727,-0.165,-0.1647,-0.0919,Regime 2 (Subcritical),CAUTION,0.55,0.0143,-0.1665,-0.4869,-0.2969,-0.6252,True,True,
AIG,American International Group,Financial / Insurance,2018-Q2,2018-06-30,usd,1.25,42.76270294189453,1251.300048828125,1.7,9.29,2.52,3.75,38.11,4.32,0.3173,0.6074,0.1339,-0.1461,-0.224,-0.1561,-0.01,Regime 2 (Subcritical),CAUTION,0.55,-0.2655,0.0269,-0.3879,-0.3042,-0.6291,True,True,
AIG,American International Group,Financial / Insurance,2018-Q3,2018-09-30,usd,1.25,43.20262908935547,1191.5,1.7,9.3,2.52,13.78,38.22,6.83,1.1659,0.5083,-0.061,-0.1508,-0.0719,-0.1353,0.0155,Regime 2 (Subcritical),CAUTION,0.55,-0.1758,0.0787,-0.4499,-0.3047,-0.6294,True,True,
AIG,American International Group,Financial / Insurance,2018-Q4,2018-12-31,usd,1.25,32.25517654418945,1278.300048828125,4.44,9.3,2.17,15.07,27.95,7.75,1.3138,0.3794,-0.4792,-0.5258,-0.0373,-0.4238,0.102,Regime 1 (Virtuous),HEALTHY,0.651,0.3846,0.3358,0.0182,-0.0167,-0.5051,False,True,True
AIG,American International Group,Financial / Insurance,2019-Q1,2019-03-31,usd,1.25,35.50196838378906,1293.0,4.44,8.21,2.17,2.62,30.88,4.36,0.2519,0.5562,0.0516,-0.2601,-0.2494,-0.2379,0.0223,Regime 2 (Subcritical),CAUTION,0.55,0.2916,-0.3975,0.1502,-0.5599,-0.5599,True,True,
AIG,American International Group,Financial / Insurance,2019-Q2,2019-06-30,usd,1.25,44.19514465332031,1409.699951171875,4.44,8.56,2.17,4.44,38.45,4.9,0.4133,0.5775,-0.4495,-0.1188,0.2646,0.0087,0.1275,Regime 2 (Subcritical),CAUTION,0.55,-0.0401,-0.4101,-0.059,-0.6426,-0.6426,True,True,
AIG,American International Group,Financial / Insurance,2019-Q3,2019-09-30,usd,1.25,46.4620246887207,1465.699951171875,4.1,8.75,2.17,2.62,40.42,4.41,0.2403,0.6122,2.4669,0.4927,-1.5794,0.056,-0.4367,Regime 3 (Parasitic),DANGER,0.95,-0.5296,-0.49,0.0719,-0.6564,-0.6564,True,True,True
AIG,American International Group,Financial / Insurance,2019-Q4,2019-12-31,usd,1.25,43.08672332763672,1519.5,4.37,8.75,1.95,3.72,37.49,4.7,0.3473,0.5829,2.457,0.7938,-1.3306,0.2934,-0.5003,Regime 3 (Parasitic),DANGER,0.95,-0.3786,-0.2377,0.1814,-0.6295,-0.6295,True,True,True
AIG,American International Group,Financial / Insurance,2020-Q1,2020-03-31,usd,1.25,20.612550735473633,1583.4000244140625,4.37,8.61,1.95,7.0,17.75,5.48,0.6622,0.317,-1.9905,-0.7825,0.9664,-0.5534,0.2291,Regime 1 (Virtuous),HEALTHY,0.715,0.1496,0.9755,1.747,-0.1563,-0.1563,False,False,True
AIG,American International Group,Financial / Insurance,2020-Q2,2020-06-30,usd,1.25,26.774112701416016,1800.5,4.37,8.35,1.95,11.28,23.06,6.49,1.0946,0.3609,-2.0083,-0.791,0.9738,-0.511,0.28,Regime 1 (Virtuous),HEALTHY,0.74,0.2149,0.5763,0.7333,-0.1429,-0.1429,False,False,True
AIG,American International Group,Financial / Insurance,2020-Q3,2020-09-30,usd,1.25,23.9042911529541,1895.5,4.0,7.96,1.95,1.15,20.59,3.77,0.1162,0.4999,0.3919,-0.5166,-0.7269,-0.6744,-0.1578,Regime 3 (Parasitic),DANGER,0.948,0.7034,1.048,0.8135,0.0,0.0,False,False,False
AIG,American International Group,Financial / Insurance,2020-Q4,2020-12-31,usd,1.25,33.14087677001953,1895.0999755859375,4.39,7.96,1.84,1.15,28.55,3.84,0.1175,0.573,1.2845,-0.07,-1.0836,-0.2722,-0.2022,Regime 3 (Parasitic),DANGER,0.95,0.2914,0.5392,0.7511,-0.0193,-0.0193,False,False,False
AIG,American International Group,Financial / Insurance,2021-Q1,2021-03-31,usd,1.25,40.71908950805664,1713.800048828125,4.39,8.35,1.84,15.5,34.99,7.52,1.5212,0.456,-0.6773,0.3624,0.8317,0.6786,0.3162,Regime 2 (Subcritical),CAUTION,0.55,0.2231,0.3906,0.1425,-0.0232,-0.0232,False,False,
AIG,American International Group,Financial / Insurance,2021-Q2,2021-06-30,usd,1.25,42.20353317260742,1771.5999755859375,4.39,8.87,1.84,0.4,36.08,3.88,0.037,0.6208,5.1977,0.9626,-3.3881,0.4475,-0.5152,Regime 3 (Parasitic),DANGER,0.95,0.207,0.0996,0.2677,-0.0576,-0.0576,False,False,False
AIG,American International Group,Financial / Insurance,2021-Q3,2021-09-30,usd,1.25,48.954856872558594,1757.0,4.39,8.96,1.84,6.67,40.92,5.47,0.6174,0.5673,-1.7736,0.3145,1.6705,0.6866,0.3721,Regime 2 (Subcritical),CAUTION,0.55,0.1566,-0.1145,0.1579,-0.1145,-0.1145,False,False,
AIG,American International Group,Financial / Insurance,2021-Q4,2021-12-31,usd,1.25,51.0104866027832,1828.5999755859375,4.36,8.96,1.71,6.67,41.76,5.42,0.6248,0.574,-2.0546,0.0341,1.671,0.3802,0.3461,Regime 2 (Subcritical),CAUTION,0.55,-0.0744,0.1376,0.249,-0.1502,-0.1502,False,False,
AIG,American International Group,Financial / Insurance,2022-Q1,2022-03-31,usd,1.25,56.62195587158203,1949.199951171875,4.36,8.72,1.71,17.04,45.31,7.96,1.6328,0.5125,0.1136,0.2021,0.0708,0.2584,0.0563,Regime 2 (Subcritical),CAUTION,0.55,-0.2315,-0.1784,0.3045,-0.2344,-0.2344,True,True,
AIG,American International Group,Financial / Insurance,2022-Q2,2022-06-30,usd,1.25,46.40752029418945,1807.300048828125,4.36,8.89,1.71,12.14,35.79,6.78,1.1452,0.4827,-4.8584,-0.5668,3.4333,-0.008,0.5588,Regime 2 (Subcritical),CAUTION,0.55,0.2582,0.1529,0.5198,-0.0659,-0.0659,False,False,
AIG,American International Group,Financial / Insurance,2022-Q3,2022-09-30,usd,1.25,43.3505859375,1672.0,4.36,8.37,1.71,10.84,32.39,6.32,1.0746,0.4716,-1.0714,-0.3788,0.5542,-0.2336,0.1452,Regime 2 (Subcritical),CAUTION,0.55,0.0732,0.3075,0.6161,0.0,0.0,False,False,
AIG,American International Group,Financial / Insurance,2022-Q4,2022-12-31,usd,1.25,58.03207778930664,1826.199951171875,4.63,8.37,1.59,10.84,42.6,6.36,1.0874,0.5432,-0.8316,-0.139,0.5541,0.0199,0.1589,Regime 2 (Subcritical),CAUTION,0.55,-0.0735,0.1033,0.2067,-0.2456,-0.2456,True,True,
AIG,American International Group,Financial / Insurance,2023-Q1,2023-03-31,usd,1.25,46.5231819152832,1969.0,4.63,7.92,1.59,0.12,33.85,3.57,0.0126,0.6244,6.5902,0.5111,-4.8632,-0.2916,-0.8027,Regime 3 (Parasitic),DANGER,0.95,0.2184,0.5877,0.7348,-0.0097,-0.0097,False,False,False
AIG,American International Group,Financial / Insurance,2023-Q2,2023-06-30,usd,1.25,53.501075744628906,1929.4000244140625,4.63,9.07,1.59,5.97,38.39,5.32,0.56,0.5594,1.2068,0.3125,-0.7155,0.07,-0.2425,Regime 3 (Parasitic),DANGER,0.95,0.1909,0.3183,0.5341,-0.0035,-0.0035,False,False,False
AIG,American International Group,Financial / Insurance,2023-Q3,2023-09-30,usd,1.25,56.68273162841797,1866.0999755859375,4.63,8.47,1.59,8.11,39.94,5.7,0.8059,0.5518,0.6722,0.3125,-0.2877,0.2094,-0.1031,Regime 3 (Parasitic),DANGER,0.95,0.315,0.2473,0.3536,-0.0235,-0.0235,False,False,False
AIG,American International Group,Financial / Insurance,2023-Q4,2023-12-31,usd,1.25,63.71315383911133,2071.800048828125,3.93,8.47,1.38,0.37,43.89,3.54,0.0378,0.6657,4.8156,0.6159,-3.3597,0.0297,-0.5862,Regime 3 (Parasitic),DANGER,0.95,0.0895,0.0764,0.3053,-0.0304,-0.0304,False,False,False
AIG,American International Group,Financial / Insurance,2024-Q1,2024-03-31,usd,1.25,73.86266326904297,2217.39990234375,3.93,8.06,1.38,4.86,49.56,4.56,0.5156,0.6413,-4.5022,0.1359,3.7105,0.3813,0.2454,Regime 2 (Subcritical),CAUTION,0.55,-0.045,0.1438,0.0123,-0.0914,-0.0914,False,False,
AIG,American International Group,Financial / Insurance,2024-Q2,2024-06-30,usd,1.25,70.52989959716797,2339.60009765625,3.41,6.44,1.38,7.87,45.83,4.77,1.0069,0.6198,-0.4486,0.2849,0.5868,0.1772,-0.1077,Regime 2 (Subcritical),CAUTION,0.55,-0.0092,0.1735,0.0462,-0.0581,-0.0581,False,False,
AIG,American International Group,Financial / Insurance,2024-Q3,2024-09-30,usd,1.25,69.95308685302734,2659.39990234375,3.45,5.38,1.38,1.84,44.09,3.01,0.2715,0.6833,2.0964,0.7365,-1.0879,0.0989,-0.6376,Regime 3 (Parasitic),DANGER,0.95,0.1995,0.0958,0.0656,-0.0388,-0.0388,False,False,False
AIG,American International Group,Financial / Insurance,2024-Q4,2024-12-31,usd,1.25,69.9261703491211,2641.0,3.74,5.38,1.12,3.59,42.38,3.46,0.5526,0.659,-3.3658,-0.0123,2.6828,-0.0349,-0.0226,Regime 2 (Subcritical),CAUTION,0.55,0.1915,0.2003,0.066,-0.0316,-0.0316,False,False,
AIG,American International Group,Financial / Insurance,2025-Q1,2025-03-31,usd,1.25,83.91175079345703,3122.800048828125,3.4,4.46,1.12,2.79,48.7,2.94,0.5007,0.6969,0.457,0.4204,-0.0293,-0.0175,-0.4379,Regime 3 (Parasitic),DANGER,0.95,-0.094,-0.115,-0.1117,-0.1595,-0.1595,False,False,True
AIG,American International Group,Financial / Insurance,2025-Q2,2025-06-30,usd,1.25,83.04431915283203,3307.699951171875,3.45,4.65,1.12,4.58,46.49,3.45,0.7939,0.6722,0.6367,0.3396,-0.2377,0.0143,-0.3254,Regime 3 (Parasitic),DANGER,0.95,0.0217,-0.1084,-0.1024,-0.1507,-0.1507,False,False,True
AIG,American International Group,Financial / Insurance,2025-Q3,2025-09-30,usd,1.25,76.65179443359375,3873.199951171875,3.44,5.19,1.12,2.08,41.74,2.95,0.3293,0.6789,-0.2767,-0.0354,0.193,-0.0549,-0.0194,Regime 2 (Subcritical),CAUTION,0.55,-0.0312,-0.0276,-0.0276,-0.0799,-0.0799,False,False,
AIG,American International Group,Financial / Insurance,2025-Q4,2025-12-31,usd,1.25,83.93091583251953,4341.10009765625,4.12,5.19,1.37,2.08,45.17,3.19,0.3166,0.679,0.8415,0.1453,-0.557,0.0637,-0.0815,Regime 3 (Parasitic),DANGER,0.95,-0.0935,-0.1119,-0.1119,-0.1597,-0.1597,False,False,True
AIG,American International Group,Financial / Insurance,2026-Q1,2026-03-31,usd,1.25,74.26130676269531,4647.60009765625,3.42,4.55,1.37,7.98,39.57,4.33,1.3487,0.611,-1.8324,-0.5939,0.9908,-0.2076,0.3864,Regime 2 (Subcritical),CAUTION,0.55,0.0038,0.0038,0.0038,-0.0359,-0.0359,False,False,
AIG,American International Group,Financial / Insurance,2026-Q2,2026-06-30,usd,1.25,74.03954315185547,4038.5,3.42,4.92,1.37,8.5,38.85,4.55,1.351,0.5978,-1.1223,-0.4577,0.5317,-0.1795,0.2782,Regime 2 (Subcritical),CAUTION,0.55,0.0068,0.0068,0.0068,0.0,0.0,False,False,
XOM,Exxon Mobil Corporation,Energy,2017-Q1,2017-03-31,usd,1.25,54.204368591308594,1247.300048828125,38.29,10.4,253.15,16.04,229.66,79.47,0.0609,0.4947,-1.0046,-0.0004,0.8033,0.0209,0.0213,Regime 2 (Subcritical),CAUTION,0.55,0.0189,-0.0546,0.0672,-0.0774,-0.1442,False,False,
XOM,Exxon Mobil Corporation,Energy,2017-Q2,2017-06-30,usd,1.25,53.86222839355469,1240.699951171875,38.29,10.51,252.99,13.4,228.21,78.8,0.0509,0.4988,-0.8562,-0.0029,0.6827,0.0146,0.0175,Regime 2 (Subcritical),CAUTION,0.55,0.0558,0.0657,0.0302,-0.0715,-0.1388,False,False,
XOM,Exxon Mobil Corporation,Energy,2017-Q3,2017-09-30,usd,1.25,55.22639083862305,1281.5,38.29,10.9,255.56,15.88,233.99,80.16,0.0596,0.4953,-0.5206,-0.0323,0.3906,-0.0042,0.0281,Regime 2 (Subcritical),CAUTION,0.55,-0.0681,0.0837,-0.0586,-0.0906,-0.1565,False,False,
XOM,Exxon Mobil Corporation,Energy,2017-Q4,2017-12-31,usd,1.25,56.86610794067383,1306.300048828125,38.29,10.9,252.63,15.88,241.06,79.42,0.0603,0.4955,-0.526,-0.061,0.372,-0.0171,0.0439,Regime 2 (Subcritical),CAUTION,0.55,-0.0071,-0.1648,-0.1044,-0.1976,-0.1976,False,False,
XOM,Exxon Mobil Corporation,Energy,2018-Q1,2018-03-31,usd,1.25,51.24540328979492,1322.800048828125,38.29,10.99,250.35,18.6,216.97,79.56,0.0712,0.4871,-0.2536,-0.058,0.1565,-0.0568,0.0011,Regime 2 (Subcritical),CAUTION,0.55,0.185,0.1503,-0.4388,-0.0777,-0.5293,False,True,
XOM,Exxon Mobil Corporation,Energy,2018-Q2,2018-06-30,usd,1.25,57.39853286743164,1251.300048828125,38.29,11.97,248.21,15.8,243.03,78.57,0.0607,0.4931,-0.156,0.0658,0.1774,0.0629,-0.0029,Regime 2 (Subcritical),CAUTION,0.55,-0.1491,-0.0218,-0.4006,-0.1823,-0.5827,False,True,
XOM,Exxon Mobil Corporation,Energy,2018-Q3,2018-09-30,usd,1.25,59.59574890136719,1191.5,38.29,11.57,249.15,24.96,252.33,80.99,0.0957,0.4809,-0.5274,0.0651,0.474,0.0754,0.0104,Regime 2 (Subcritical),CAUTION,0.55,-0.0383,-0.1394,-0.5541,-0.2288,-0.6065,True,True,
XOM,Exxon Mobil Corporation,Energy,2018-Q4,2018-12-31,usd,1.25,48.28311538696289,1278.300048828125,38.29,11.57,247.1,24.96,204.58,80.48,0.0965,0.4727,-0.7658,-0.1773,0.4708,-0.1641,0.0132,Regime 2 (Subcritical),CAUTION,0.55,0.1482,0.0723,-0.3097,0.0,-0.5098,False,True,
XOM,Exxon Mobil Corporation,Energy,2019-Q1,2019-03-31,usd,1.25,57.84703063964844,1293.0,38.29,11.08,248.56,9.4,244.75,76.83,0.0362,0.5059,1.0002,0.1553,-0.6759,0.1205,-0.0348,Regime 3 (Parasitic),DANGER,0.95,-0.1044,-0.5176,-0.2105,-0.5955,-0.5955,True,True,True
XOM,Exxon Mobil Corporation,Energy,2019-Q2,2019-06-30,usd,1.25,55.49046325683594,1409.699951171875,38.29,11.31,250.85,12.52,234.78,78.24,0.0478,0.4991,0.27,-0.0304,-0.2403,-0.0345,-0.0041,Regime 3 (Parasitic),DANGER,0.809,-0.0646,-0.3867,-0.0662,-0.573,-0.573,True,True,True
XOM,Exxon Mobil Corporation,Energy,2019-Q3,2019-09-30,usd,1.25,51.76691436767578,1465.699951171875,38.29,11.01,250.51,12.68,219.03,78.12,0.0485,0.4977,0.7449,-0.1055,-0.6803,-0.1415,-0.0361,Regime 3 (Parasitic),DANGER,0.95,-0.4548,-0.4819,-0.0292,-0.5428,-0.5428,True,True,True
XOM,Exxon Mobil Corporation,Energy,2019-Q4,2019-12-31,usd,1.25,51.7753791809082,1519.5,38.29,11.01,253.02,12.68,219.22,78.75,0.048,0.4985,0.9631,0.0909,-0.6978,0.0691,-0.0217,Regime 3 (Parasitic),DANGER,0.95,-0.3373,-0.3562,-0.0014,-0.5428,-0.5428,True,True,True
XOM,Exxon Mobil Corporation,Energy,2020-Q1,2020-03-31,usd,1.25,28.577455520629883,1583.4000244140625,38.29,10.32,248.41,67.39,120.83,91.1,0.2605,0.4287,-3.3429,-0.8762,1.9733,-0.7059,0.1703,Regime 1 (Virtuous),HEALTHY,0.685,-0.0615,0.5919,1.4852,-0.1357,-0.1357,False,False,True
XOM,Exxon Mobil Corporation,Energy,2020-Q2,2020-06-30,usd,1.25,34.31032180786133,1800.5,38.29,9.64,250.52,39.13,145.06,84.39,0.1504,0.4639,-1.9911,-0.5572,1.1471,-0.4815,0.0757,Regime 2 (Subcritical),CAUTION,0.55,-0.0362,0.5199,1.1684,-0.2801,-0.2801,True,True,
XOM,Exxon Mobil Corporation,Energy,2020-Q3,2020-09-30,usd,1.25,26.858463287353516,1895.5,38.29,9.78,250.5,55.44,113.56,88.5,0.213,0.4554,-2.6317,-0.7816,1.4801,-0.6569,0.1247,Regime 2 (Subcritical),CAUTION,0.55,0.6938,0.8379,1.8515,-0.0804,-0.0804,False,False,
XOM,Exxon Mobil Corporation,Energy,2020-Q4,2020-12-31,usd,1.25,33.02698516845703,1895.0999755859375,38.29,9.78,227.55,55.44,139.8,82.76,0.2336,0.4163,-2.4769,-0.4995,1.5819,-0.4498,0.0497,Regime 1 (Virtuous),HEALTHY,0.625,0.5835,0.5758,1.9531,0.0,0.0,False,False,True
XOM,Exxon Mobil Corporation,Energy,2021-Q1,2021-03-31,usd,1.25,45.49272155761719,1713.800048828125,38.29,9.71,224.64,10.92,192.62,70.89,0.0466,0.4919,2.8684,0.7172,-1.721,0.4664,-0.2508,Regime 3 (Parasitic),DANGER,0.95,0.1046,0.5612,1.1479,-0.0273,-0.0273,False,False,False
XOM,Exxon Mobil Corporation,Energy,2021-Q2,2021-06-30,usd,1.25,52.14912796020508,1771.5999755859375,38.29,9.38,223.01,18.76,220.8,72.36,0.0807,0.4813,1.3517,0.5739,-0.6222,0.4201,-0.1538,Regime 3 (Parasitic),DANGER,0.95,-0.0027,0.4267,0.8484,-0.1514,-0.1514,False,False,False
XOM,Exxon Mobil Corporation,Energy,2021-Q3,2021-09-30,usd,1.25,49.36334228515625,1757.0,38.29,9.15,218.79,27.0,209.0,73.31,0.1185,0.4624,1.5319,0.7984,-0.5868,0.61,-0.1883,Regime 3 (Parasitic),DANGER,0.95,0.4388,0.5515,1.1584,0.0,0.0,False,False,False
XOM,Exxon Mobil Corporation,Energy,2021-Q4,2021-12-31,usd,1.25,52.04244613647461,1828.5999755859375,38.29,9.15,216.55,27.0,220.61,72.75,0.1196,0.465,1.4217,0.5852,-0.6692,0.4562,-0.129,Regime 3 (Parasitic),DANGER,0.95,0.4615,0.8741,0.7567,0.0,0.0,False,False,False
XOM,Exxon Mobil Corporation,Energy,2022-Q1,2022-03-31,usd,1.25,71.0219955444336,1949.199951171875,38.29,9.64,212.77,21.92,299.22,70.65,0.0986,0.5052,-0.4926,0.4438,0.7491,0.4405,-0.0033,Regime 2 (Subcritical),CAUTION,0.55,0.0953,0.3758,0.5105,-0.004,-0.004,False,False,
XOM,Exxon Mobil Corporation,Energy,2022-Q2,2022-06-30,usd,1.25,74.3991470336914,1807.300048828125,38.29,10.12,209.16,71.4,310.1,82.24,0.3256,0.4427,-1.5317,0.2116,1.3947,0.3396,0.128,Regime 1 (Virtuous),HEALTHY,0.664,0.2979,0.2956,0.4397,-0.0292,-0.0292,False,False,True
XOM,Exxon Mobil Corporation,Energy,2022-Q3,2022-09-30,usd,1.25,76.58692932128906,1672.0,38.29,9.3,203.1,78.64,315.38,82.33,0.3702,0.44,-1.1292,0.2954,1.1397,0.4114,0.1161,Regime 1 (Virtuous),HEALTHY,0.658,0.2758,0.3912,0.4184,0.0,0.0,False,False,True
XOM,Exxon Mobil Corporation,Energy,2022-Q4,2022-12-31,usd,1.25,97.53227233886719,1826.199951171875,38.29,9.3,204.69,78.64,398.13,82.73,0.3675,0.4893,-0.9411,0.4618,1.1223,0.5904,0.1286,Regime 2 (Subcritical),CAUTION,0.55,0.0235,-0.0293,0.0619,-0.0554,-0.0601,False,False,
XOM,Exxon Mobil Corporation,Energy,2023-Q1,2023-03-31,usd,1.25,97.71249389648438,1969.0,38.29,9.56,206.02,45.72,395.05,74.9,0.2121,0.5226,-0.7384,0.2195,0.7663,0.2779,0.0583,Regime 2 (Subcritical),CAUTION,0.55,0.0904,0.0979,0.1495,-0.0941,-0.0941,False,False,
XOM,Exxon Mobil Corporation,Energy,2023-Q2,2023-06-30,usd,1.25,96.39431762695312,1929.4000244140625,38.29,9.8,206.74,31.52,385.87,71.59,0.1456,0.5346,1.3637,0.3574,-0.8051,0.2186,-0.1388,Regime 3 (Parasitic),DANGER,0.95,-0.0515,0.1112,0.0926,-0.0817,-0.0817,False,False,False
XOM,Exxon Mobil Corporation,Energy,2023-Q3,2023-09-30,usd,1.25,106.54502868652344,1866.0999755859375,38.29,9.96,205.86,36.28,422.24,72.6,0.1681,0.5457,1.4046,0.4176,-0.7896,0.2918,-0.1258,Regime 3 (Parasitic),DANGER,0.95,0.0239,0.0368,0.0594,-0.1552,-0.1552,False,False,False
XOM,Exxon Mobil Corporation,Energy,2023-Q4,2023-12-31,usd,1.25,91.42525482177734,2071.800048828125,38.29,9.96,214.94,36.28,363.05,74.87,0.1613,0.5147,1.0368,0.0076,-0.8233,-0.0922,-0.0999,Regime 3 (Parasitic),DANGER,0.95,0.1443,0.0685,0.2672,-0.0543,-0.0543,False,False,False
XOM,Exxon Mobil Corporation,Energy,2024-Q1,2024-03-31,usd,1.25,107.28182983398438,2217.39990234375,38.29,9.98,213.72,32.88,423.01,73.72,0.147,0.5465,0.5426,0.0843,-0.3666,0.0684,-0.0159,Regime 3 (Parasitic),DANGER,0.95,0.0061,0.0509,0.5507,-0.076,-0.117,False,False,False
XOM,Exxon Mobil Corporation,Energy,2024-Q2,2024-06-30,usd,1.25,107.11114501953125,2339.60009765625,38.29,10.27,298.28,36.96,475.89,95.95,0.1198,0.5357,0.1604,-0.0832,-0.1949,0.2097,0.2929,Regime 2 (Subcritical),CAUTION,0.55,-0.0586,-0.0296,0.27,-0.1086,-0.1086,False,False,
XOM,Exxon Mobil Corporation,Energy,2024-Q3,2024-09-30,usd,1.25,109.943115234375,2659.39990234375,38.29,9.18,299.54,34.44,483.2,95.36,0.1116,0.5413,0.3747,-0.1379,-0.4101,0.1349,0.2728,Regime 2 (Subcritical),CAUTION,0.55,0.0321,-0.0034,0.4398,-0.1328,-0.1328,False,False,
XOM,Exxon Mobil Corporation,Energy,2024-Q4,2024-12-31,usd,1.25,101.72120666503906,2641.0,38.29,9.18,294.32,34.44,442.79,94.06,0.1135,0.53,0.4101,-0.0296,-0.3518,0.1986,0.2282,Regime 2 (Subcritical),CAUTION,0.55,0.034,0.1598,0.5562,-0.0627,-0.0627,False,False,
XOM,Exxon Mobil Corporation,Energy,2025-Q1,2025-03-31,usd,1.25,113.46949768066406,3122.800048828125,38.29,10.16,292.65,30.85,489.05,92.99,0.1019,0.5471,0.3709,-0.0871,-0.3664,0.1451,0.2322,Regime 2 (Subcritical),CAUTION,0.55,-0.0217,0.4756,0.3951,-0.1598,-0.1598,False,False,
XOM,Exxon Mobil Corporation,Energy,2025-Q2,2025-06-30,usd,1.25,103.79779815673828,3307.699951171875,38.29,10.11,295.36,28.33,442.49,93.02,0.0927,0.535,0.2781,-0.0418,-0.2559,-0.0728,-0.031,Regime 3 (Parasitic),DANGER,0.818,0.1384,0.3087,0.5251,-0.0183,-0.0183,False,False,False
XOM,Exxon Mobil Corporation,Energy,2025-Q3,2025-09-30,usd,1.25,109.57424926757812,3873.199951171875,38.29,12.13,298.39,30.19,462.07,94.75,0.0972,0.5362,0.1335,-0.0382,-0.1374,-0.0447,-0.0065,Regime 2 (Subcritical),CAUTION,0.55,0.528,0.4447,0.4447,-0.0187,-0.0187,False,False,
XOM,Exxon Mobil Corporation,Energy,2025-Q4,2025-12-31,usd,1.25,117.97337341308594,4341.10009765625,38.29,12.13,299.37,30.19,493.01,95.0,0.0969,0.5453,0.2946,0.0975,-0.1577,0.1074,0.0099,Regime 3 (Parasitic),DANGER,0.837,0.1477,0.3418,0.3418,-0.0154,-0.0154,False,False,False
XOM,Exxon Mobil Corporation,Energy,2026-Q1,2026-03-31,usd,1.25,167.4320526123047,4647.60009765625,38.29,10.74,298.78,16.73,694.01,91.13,0.0541,0.6087,1.1624,0.3701,-0.6338,0.35,-0.0201,Regime 3 (Parasitic),DANGER,0.95,-0.0545,-0.0545,-0.0545,-0.1926,-0.1926,False,False,True
XOM,Exxon Mobil Corporation,Energy,2026-Q2,2026-06-30,usd,1.25,135.8404083251953,4038.5,38.29,10.74,298.78,16.73,563.06,91.13,0.0541,0.5784,0.9361,0.2615,-0.5397,0.241,-0.0205,Regime 3 (Parasitic),DANGER,0.95,0.1653,0.1653,0.1653,-0.0032,-0.0032,False,False,False
JPM,JPMorgan Chase & Co.,Financial / Banking,2017-Q1,2017-03-31,usd,1.25,68.40933227539062,1247.300048828125,48.14,1.0,14.23,25.79,243.62,22.29,1.6938,0.6458,3.6173,3.8089,0.1533,3.8505,0.0416,Regime 3 (Parasitic),DANGER,0.95,0.0996,0.2801,0.2088,-0.0594,-0.0594,False,False,False
JPM,JPMorgan Chase & Co.,Financial / Banking,2017-Q2,2017-06-30,usd,1.25,71.59088897705078,1240.699951171875,48.13,1.0,14.21,28.12,254.95,22.86,1.849,0.6487,3.6992,3.8607,0.1292,3.8959,0.0352,Regime 3 (Parasitic),DANGER,0.95,0.1833,0.1649,0.2855,-0.0273,-0.0273,False,False,False
JPM,JPMorgan Chase & Co.,Financial / Banking,2017-Q3,2017-09-30,usd,1.25,75.22157287597656,1281.5,48.12,1.0,14.22,26.93,267.88,22.57,1.7695,0.658,3.8532,3.9381,0.0679,3.9573,0.0193,Regime 3 (Parasitic),DANGER,0.95,0.1482,0.1905,0.2792,-0.005,-0.021,False,False,False
JPM,JPMorgan Chase & Co.,Financial / Banking,2017-Q4,2017-12-31,usd,1.25,84.71593475341797,1306.300048828125,47.51,1.0,14.16,26.93,290.18,22.4,1.7764,0.6699,0.1017,0.1851,0.0667,0.1982,0.0131,Regime 2 (Subcritical),CAUTION,0.55,-0.0248,-0.075,0.3622,-0.1269,-0.1269,False,False,
JPM,JPMorgan Chase & Co.,Financial / Banking,2018-Q1,2018-03-31,usd,1.25,87.5700454711914,1322.800048828125,47.5,1.0,14.38,34.85,299.95,24.43,2.2655,0.6623,-0.2473,0.1162,0.2908,0.208,0.0918,Regime 2 (Subcritical),CAUTION,0.55,0.0573,-0.0371,-0.0844,-0.1306,-0.2261,False,True,
JPM,JPMorgan Chase & Co.,Financial / Banking,2018-Q2,2018-06-30,usd,1.25,83.39612579345703,1251.300048828125,47.49,1.0,14.13,33.26,285.66,23.97,2.1983,0.6581,-0.1499,0.0664,0.173,0.1137,0.0474,Regime 2 (Subcritical),CAUTION,0.55,-0.067,0.0943,-0.0603,-0.1122,-0.2097,False,True,
JPM,JPMorgan Chase & Co.,Financial / Banking,2018-Q3,2018-09-30,usd,1.25,90.80189514160156,1191.5,47.48,1.0,14.18,33.52,311.02,24.05,2.2082,0.6694,-0.191,0.0858,0.2215,0.1493,0.0635,Regime 2 (Subcritical),CAUTION,0.55,-0.0946,0.0682,-0.1042,-0.1825,-0.2723,False,True,
JPM,JPMorgan Chase & Co.,Financial / Banking,2018-Q4,2018-12-31,usd,1.25,79.10450744628906,1278.300048828125,47.47,1.0,14.93,33.52,259.13,24.23,2.1037,0.6416,-0.4032,-0.1918,0.1691,-0.1132,0.0786,Regime 2 (Subcritical),CAUTION,0.55,0.183,0.4726,0.3723,0.0,-0.1598,False,False,
JPM,JPMorgan Chase & Co.,Financial / Banking,2019-Q1,2019-03-31,usd,1.25,82.69596862792969,1293.0,47.47,1.0,24.16,36.72,270.9,27.34,1.4593,0.6272,0.3356,-0.2143,-0.4398,-0.1019,0.1124,Regime 2 (Subcritical),CAUTION,0.55,0.1416,-0.0801,0.5762,-0.2225,-0.2225,True,True,
JPM,JPMorgan Chase & Co.,Financial / Banking,2019-Q2,2019-06-30,usd,1.25,92.02958679199219,1409.699951171875,47.48,1.0,24.66,38.61,301.47,27.94,1.5043,0.6414,0.3749,-0.0992,-0.3793,0.0539,0.1531,Regime 2 (Subcritical),CAUTION,0.55,0.2425,-0.1555,0.4452,-0.2897,-0.2897,True,True,
JPM,JPMorgan Chase & Co.,Financial / Banking,2019-Q3,2019-09-30,usd,1.25,97.56388092041016,1465.699951171875,47.82,1.0,25.12,36.32,319.6,27.56,1.3907,0.6526,0.4686,-0.1093,-0.4624,0.0272,0.1365,Regime 2 (Subcritical),CAUTION,0.55,-0.194,-0.1615,0.5009,-0.3188,-0.3188,True,True,
JPM,JPMorgan Chase & Co.,Financial / Banking,2019-Q4,2019-12-31,usd,1.25,116.48701477050781,1519.5,47.82,1.0,25.81,36.32,359.25,27.74,1.3546,0.6684,0.7417,0.1915,-0.4402,0.3267,0.1352,Regime 3 (Parasitic),DANGER,0.95,-0.3139,-0.0681,0.2077,-0.4294,-0.4294,True,True,True
JPM,JPMorgan Chase & Co.,Financial / Banking,2020-Q1,2020-03-31,usd,1.25,75.71485900878906,1583.4000244140625,47.8,1.0,25.88,11.46,233.5,21.54,0.4263,0.6453,1.6282,0.09,-1.2306,-0.1485,-0.2386,Regime 3 (Parasitic),DANGER,0.95,0.0805,0.7536,0.6079,-0.063,-0.063,False,False,False
JPM,JPMorgan Chase & Co.,Financial / Banking,2020-Q2,2020-06-30,usd,1.25,79.92606353759766,1800.5,47.81,1.0,26.3,18.75,246.49,23.46,0.6867,0.6385,0.9533,-0.0269,-0.7842,-0.2013,-0.1745,Regime 3 (Parasitic),DANGER,0.95,0.3544,0.7074,0.2676,-0.0201,-0.0201,False,False,False
JPM,JPMorgan Chase & Co.,Financial / Banking,2020-Q3,2020-09-30,usd,1.25,82.60111236572266,1895.5,47.82,1.0,26.67,37.77,254.74,28.32,1.365,0.6093,-0.2304,-0.2537,-0.0186,-0.2268,0.0269,Regime 2 (Subcritical),CAUTION,0.55,0.6074,0.7487,0.1482,0.0,0.0,False,False,
JPM,JPMorgan Chase & Co.,Financial / Banking,2020-Q4,2020-12-31,usd,1.25,110.03968048095703,1895.0999755859375,49.25,1.0,27.11,37.77,335.56,28.78,1.3438,0.6533,-0.0951,-0.1051,-0.008,-0.0682,0.0369,Regime 2 (Subcritical),CAUTION,0.55,0.2524,0.2775,0.116,-0.0094,-0.1515,False,False,
JPM,JPMorgan Chase & Co.,Financial / Banking,2021-Q1,2021-03-31,usd,1.25,132.7770538330078,1713.800048828125,49.24,1.0,26.93,57.2,404.89,33.59,2.0483,0.6586,-1.8562,0.1058,1.5696,0.5504,0.4446,Regime 2 (Subcritical),CAUTION,0.55,0.1029,-0.0831,-0.0946,-0.1371,-0.2968,False,True,
JPM,JPMorgan Chase & Co.,Financial / Banking,2021-Q2,2021-06-30,usd,1.25,136.46310424804688,1771.5999755859375,49.26,1.0,26.63,47.79,416.13,31.17,1.7297,0.6725,-0.915,0.2397,0.9238,0.5237,0.2839,Regime 2 (Subcritical),CAUTION,0.55,0.0315,-0.2576,-0.0091,-0.2576,-0.3158,True,True,
JPM,JPMorgan Chase & Co.,Financial / Banking,2021-Q3,2021-09-30,usd,1.25,144.44110107421875,1757.0,50.31,1.0,27.0,46.75,440.46,31.26,1.6698,0.6793,0.1966,0.4485,0.2016,0.5476,0.0991,Regime 3 (Parasitic),DANGER,0.725,-0.1572,-0.3434,-0.0601,-0.3434,-0.3536,True,True,True
JPM,JPMorgan Chase & Co.,Financial / Banking,2021-Q4,2021-12-31,usd,1.25,140.57107543945312,1828.5999755859375,50.31,1.0,27.07,46.75,413.86,31.28,1.6654,0.6712,-0.1418,0.1264,0.2146,0.2097,0.0833,Regime 2 (Subcritical),CAUTION,0.55,-0.2701,-0.1264,0.1411,-0.3358,-0.3358,True,True,
JPM,JPMorgan Chase & Co.,Financial / Banking,2022-Q1,2022-03-31,usd,1.25,121.73985290527344,1949.199951171875,50.3,1.0,26.92,33.13,358.41,27.84,1.1867,0.6677,0.7483,0.0661,-0.5458,-0.1219,-0.188,Regime 3 (Parasitic),DANGER,0.95,-0.2085,-0.0126,0.5612,-0.233,-0.233,True,True,True
JPM,JPMorgan Chase & Co.,Financial / Banking,2022-Q2,2022-06-30,usd,1.25,101.31120300292969,1807.300048828125,50.7,1.0,26.77,34.6,298.27,28.27,1.2458,0.6379,0.175,-0.2352,-0.3281,-0.333,-0.0978,Regime 3 (Parasitic),DANGER,0.7,0.2042,0.3347,0.9054,-0.0784,-0.0784,False,False,False
JPM,JPMorgan Chase & Co.,Financial / Banking,2022-Q3,2022-09-30,usd,1.25,94.84654998779297,1672.0,51.46,1.0,27.2,38.95,279.24,29.65,1.3812,0.618,-0.1656,-0.4028,-0.1898,-0.4558,-0.0529,Regime 2 (Subcritical),CAUTION,0.55,0.2674,0.4313,1.1299,-0.0156,-0.0156,False,False,
JPM,JPMorgan Chase & Co.,Financial / Banking,2022-Q4,2022-12-31,usd,1.25,122.80113983154297,1826.199951171875,52.37,1.0,27.73,38.95,360.32,30.01,1.3555,0.6578,0.1603,-0.0971,-0.2059,-0.1385,-0.0415,Regime 3 (Parasitic),DANGER,0.683,0.0928,0.2964,0.8675,-0.0687,-0.0687,False,False,False
JPM,JPMorgan Chase & Co.,Financial / Banking,2023-Q1,2023-03-31,usd,1.25,120.21190643310547,1969.0,52.14,1.0,28.27,50.49,352.73,32.97,1.7251,0.64,-0.6531,-0.1854,0.3741,-0.016,0.1694,Regime 2 (Subcritical),CAUTION,0.55,0.1293,0.581,0.9607,-0.0145,-0.0145,False,False,
JPM,JPMorgan Chase & Co.,Financial / Banking,2023-Q2,2023-06-30,usd,1.25,135.222412109375,1929.4000244140625,52.38,1.0,29.49,57.89,396.77,35.19,1.8984,0.6485,-0.4603,0.0662,0.4212,0.2854,0.2191,Regime 2 (Subcritical),CAUTION,0.55,0.1863,0.4275,1.0734,-0.0537,-0.0537,False,False,
JPM,JPMorgan Chase & Co.,Financial / Banking,2023-Q3,2023-09-30,usd,1.25,135.75791931152344,1866.0999755859375,52.49,1.0,29.68,52.6,398.34,33.94,1.7148,0.6544,-0.0503,0.2201,0.2163,0.3552,0.1352,Regime 2 (Subcritical),CAUTION,0.55,0.4121,0.501,1.3016,-0.0492,-0.0492,False,False,
JPM,JPMorgan Chase & Co.,Financial / Banking,2023-Q4,2023-12-31,usd,1.25,160.41107177734375,2071.800048828125,54.63,1.0,29.68,52.6,461.44,34.48,1.7148,0.6728,-0.1853,0.1086,0.2351,0.2473,0.1387,Regime 2 (Subcritical),CAUTION,0.55,0.1895,0.424,0.9651,-0.023,-0.023,False,False,
JPM,JPMorgan Chase & Co.,Financial / Banking,2024-Q1,2024-03-31,usd,1.25,190.05563354492188,2217.39990234375,54.54,1.0,29.68,53.68,546.71,34.72,1.7497,0.6924,0.3689,0.3866,0.0141,0.4382,0.0516,Regime 3 (Parasitic),DANGER,0.922,0.0702,0.2612,0.5435,-0.0895,-0.0895,False,False,False
JPM,JPMorgan Chase & Co.,Financial / Banking,2024-Q2,2024-06-30,usd,1.25,193.0348358154297,2339.60009765625,54.52,1.0,29.68,72.6,555.28,39.45,2.3665,0.6797,-0.0536,0.2219,0.2204,0.3361,0.1142,Regime 2 (Subcritical),CAUTION,0.55,0.1876,0.4438,0.6619,-0.0461,-0.0461,False,False,
JPM,JPMorgan Chase & Co.,Financial / Banking,2024-Q3,2024-09-30,usd,1.25,202.3577117919922,2659.39990234375,54.51,1.0,29.68,51.59,582.1,34.2,1.6818,0.7007,0.3962,0.3719,-0.0194,0.3793,0.0074,Regime 3 (Parasitic),DANGER,0.95,0.1765,0.5295,0.7397,-0.0267,-0.0267,False,False,False
JPM,JPMorgan Chase & Co.,Financial / Banking,2024-Q4,2024-12-31,usd,1.25,231.45416259765625,2641.0,54.27,1.0,29.68,51.59,647.52,34.13,1.6818,0.7112,0.3731,0.3489,-0.0194,0.3388,-0.0101,Regime 3 (Parasitic),DANGER,0.926,0.2253,0.3727,0.521,-0.1128,-0.1128,False,False,False
JPM,JPMorgan Chase & Co.,Financial / Banking,2025-Q1,2025-03-31,usd,1.25,238.07485961914062,3122.800048828125,54.22,1.0,29.68,58.57,666.04,35.87,1.9093,0.7093,0.0559,0.165,0.0873,0.1974,0.0325,Regime 2 (Subcritical),CAUTION,0.55,0.3011,0.2238,0.4787,-0.1375,-0.1375,False,False,
JPM,JPMorgan Chase & Co.,Financial / Banking,2025-Q2,2025-06-30,usd,1.25,283.1040344238281,3307.699951171875,54.25,1.0,29.68,59.95,792.01,36.22,1.9542,0.7234,0.6798,0.4405,-0.1914,0.3551,-0.0854,Regime 3 (Parasitic),DANGER,0.95,0.1276,0.151,0.2435,-0.0199,-0.0199,False,False,False
JPM,JPMorgan Chase & Co.,Financial / Banking,2025-Q3,2025-09-30,usd,1.25,309.50885009765625,3873.199951171875,54.12,1.0,29.68,57.57,865.88,35.59,1.8767,0.7314,0.22,0.3571,0.1097,0.3971,0.04,Regime 3 (Parasitic),DANGER,0.751,-0.0587,0.1374,0.1374,-0.0949,-0.0949,False,False,False
JPM,JPMorgan Chase & Co.,Financial / Banking,2025-Q4,2025-12-31,usd,1.25,317.70855712890625,4341.10009765625,54.03,1.0,29.68,57.57,856.61,35.57,1.8767,0.7307,0.1015,0.2386,0.1097,0.2798,0.0412,Regime 2 (Subcritical),CAUTION,0.55,0.0468,0.1081,0.1081,-0.1183,-0.1183,False,False,
JPM,JPMorgan Chase & Co.,Financial / Banking,2026-Q1,2026-03-31,usd,1.25,291.3497314453125,4647.60009765625,52.71,1.0,29.68,65.98,785.54,37.34,2.1507,0.7203,-0.024,0.1248,0.119,0.165,0.0402,Regime 2 (Subcritical),CAUTION,0.55,0.2083,0.2083,0.2083,0.0,0.0,False,False,
JPM,JPMorgan Chase & Co.,Financial / Banking,2026-Q2,2026-06-30,usd,1.25,325.86199951171875,4038.5,52.71,1.0,29.68,84.62,878.59,42.0,2.7584,0.7201,-0.4753,-0.0444,0.3447,0.1037,0.1482,Regime 2 (Subcritical),CAUTION,0.55,0.0803,0.0803,0.0803,0.0,0.0,False,False,
WMT,Walmart Inc.,Consumer Staples,2017-Q1,2017-03-31,usd,1.25,20.627038955688477,1247.300048828125,17.57,98.47,107.45,20.95,2.06,61.11,0.1017,0.4474,0.0177,0.0099,-0.0062,0.0118,0.0019,Regime 2 (Subcritical),CAUTION,0.55,0.0982,0.2645,0.4182,-0.009,-0.009,False,False,
WMT,Walmart Inc.,Consumer Staples,2017-Q2,2017-06-30,usd,1.25,21.802175521850586,1240.699951171875,18.04,103.46,108.17,23.88,2.18,63.39,0.1128,0.4388,0.1078,0.0559,-0.0416,0.0672,0.0113,Regime 2 (Subcritical),CAUTION,0.55,0.32,0.1589,0.5282,-0.0324,-0.0324,False,False,
WMT,Walmart Inc.,Consumer Staples,2017-Q3,2017-09-30,usd,1.25,22.652456283569336,1281.5,18.2,107.47,108.16,19.06,2.27,63.22,0.0884,0.4563,0.2101,0.0931,-0.0937,0.1076,0.0145,Regime 3 (Parasitic),DANGER,0.74,0.1469,0.2253,0.5813,0.0,0.0,False,False,False
WMT,Walmart Inc.,Consumer Staples,2017-Q4,2017-12-31,usd,1.25,28.778072357177734,1306.300048828125,18.24,107.47,107.67,8.7,2.88,60.52,0.0404,0.4906,1.0957,0.3822,-0.5707,0.3823,0.0,Regime 3 (Parasitic),DANGER,0.95,-0.1206,-0.0328,0.259,-0.1539,-0.1539,False,False,True
WMT,Walmart Inc.,Consumer Staples,2018-Q1,2018-03-31,usd,1.25,26.08254051208496,1322.800048828125,18.85,103.32,107.62,20.62,2.61,62.6,0.0977,0.4444,0.2606,0.2106,-0.0401,0.2347,0.0241,Regime 3 (Parasitic),DANGER,0.798,0.1111,0.1664,0.4042,-0.0308,-0.0308,False,False,False
WMT,Walmart Inc.,Consumer Staples,2018-Q2,2018-06-30,usd,1.25,25.267433166503906,1251.300048828125,17.84,106.83,104.02,23.0,2.53,62.92,0.1091,0.4401,0.1969,0.1549,-0.0337,0.1475,-0.0073,Regime 3 (Parasitic),DANGER,0.725,0.1092,0.3445,0.4754,0.0,0.0,False,False,False
WMT,Walmart Inc.,Consumer Staples,2018-Q3,2018-09-30,usd,1.25,27.865102767944336,1191.5,31.04,107.17,104.36,19.94,2.79,65.63,0.0943,0.4072,0.0888,0.1697,0.0647,0.2071,0.0374,Regime 1 (Virtuous),HEALTHY,0.619,0.0444,0.2839,0.5096,-0.0859,-0.0859,False,False,True
WMT,Walmart Inc.,Consumer Staples,2018-Q4,2018-12-31,usd,1.25,27.790422439575195,1278.300048828125,31.18,107.17,104.32,14.75,2.78,64.35,0.0697,0.4254,-0.7775,-0.0963,0.545,-0.0349,0.0614,Regime 1 (Virtuous),HEALTHY,0.631,0.2003,0.3016,0.6055,-0.0031,-0.0031,False,False,True
WMT,Walmart Inc.,Consumer Staples,2019-Q1,2019-03-31,usd,1.25,29.25371742248535,1293.0,31.42,103.78,104.6,19.78,2.93,64.9,0.0949,0.4034,0.1153,0.0787,-0.0292,0.1147,0.036,Regime 1 (Virtuous),HEALTHY,0.618,0.2233,0.2003,0.4377,-0.009,-0.009,False,False,True
WMT,Walmart Inc.,Consumer Staples,2019-Q2,2019-06-30,usd,1.25,33.31707000732422,1409.699951171875,31.45,107.48,104.67,22.33,3.33,66.49,0.1053,0.396,0.266,0.2215,-0.0357,0.2766,0.0551,Regime 3 (Parasitic),DANGER,0.804,0.0913,0.0961,0.2841,-0.0505,-0.0505,False,False,False
WMT,Walmart Inc.,Consumer Staples,2019-Q3,2019-09-30,usd,1.25,35.96284484863281,1465.699951171875,30.72,109.49,104.33,18.87,3.6,65.85,0.0883,0.4105,0.3343,0.2517,-0.066,0.2551,0.0034,Regime 3 (Parasitic),DANGER,0.882,-0.0207,0.1758,0.2228,-0.1193,-0.1193,False,False,False
WMT,Walmart Inc.,Consumer Staples,2019-Q4,2019-12-31,usd,1.25,36.172847747802734,1519.5,31.07,109.49,105.21,16.56,3.62,65.58,0.0771,0.4181,0.1184,0.2447,0.101,0.2636,0.0189,Regime 2 (Subcritical),CAUTION,0.55,0.0168,0.2335,0.2443,-0.1245,-0.1245,False,False,
WMT,Walmart Inc.,Consumer Staples,2020-Q1,2020-03-31,usd,1.25,34.73699188232422,1583.4000244140625,29.42,109.49,101.87,20.9,3.47,65.42,0.0989,0.4062,0.1129,0.1638,0.0407,0.1718,0.008,Regime 2 (Subcritical),CAUTION,0.55,0.2173,0.2151,0.353,0.0,0.0,False,False,
WMT,Walmart Inc.,Consumer Staples,2020-Q2,2020-06-30,usd,1.25,36.781375885009766,1800.5,29.54,115.98,101.18,24.24,3.68,67.73,0.1116,0.4006,0.0072,0.0803,0.0585,0.0989,0.0186,Regime 2 (Subcritical),CAUTION,0.55,0.2141,0.1961,0.047,-0.0074,-0.0074,False,False,
WMT,Walmart Inc.,Consumer Staples,2020-Q3,2020-09-30,usd,1.25,43.139404296875,1895.5,30.24,114.36,102.23,23.11,4.31,67.49,0.1067,0.3982,-0.0798,0.1574,0.1898,0.182,0.0245,Regime 1 (Virtuous),HEALTHY,0.612,-0.0215,0.0117,-0.0435,-0.0852,-0.1315,False,False,True
WMT,Walmart Inc.,Consumer Staples,2020-Q4,2020-12-31,usd,1.25,44.60923767089844,1895.0999755859375,28.98,114.36,92.2,23.11,4.46,64.67,0.1119,0.3973,-0.2409,0.2237,0.3717,0.2096,-0.0141,Regime 2 (Subcritical),CAUTION,0.55,-0.0257,0.0197,0.015,-0.1153,-0.1601,False,False,
WMT,Walmart Inc.,Consumer Staples,2021-Q1,2021-03-31,usd,1.25,42.209991455078125,1713.800048828125,28.87,112.52,91.0,27.64,4.22,65.0,0.1358,0.3809,-0.1956,0.2012,0.3174,0.1949,-0.0063,Regime 2 (Subcritical),CAUTION,0.55,0.0418,0.1135,0.1201,-0.0055,-0.1123,False,False,
WMT,Walmart Inc.,Consumer Staples,2021-Q2,2021-06-30,usd,1.25,43.99492263793945,1771.5999755859375,29.16,114.04,91.62,29.42,4.4,66.06,0.143,0.3761,-0.106,0.2041,0.2481,0.1791,-0.025,Regime 2 (Subcritical),CAUTION,0.55,0.0198,-0.1247,0.1499,-0.1484,-0.1484,False,False,
WMT,Walmart Inc.,Consumer Staples,2021-Q3,2021-09-30,usd,1.25,43.643287658691406,1757.0,28.92,118.84,92.24,23.17,4.36,65.79,0.1098,0.4041,0.0018,0.037,0.0282,0.0116,-0.0254,Regime 2 (Subcritical),CAUTION,0.55,0.0769,-0.0546,0.1836,-0.1415,-0.1415,False,False,
WMT,Walmart Inc.,Consumer Staples,2021-Q4,2021-12-31,usd,1.25,45.48838806152344,1828.5999755859375,29.01,118.84,94.52,23.17,4.55,66.38,0.1086,0.4034,0.0307,-0.0067,-0.0299,0.0195,0.0262,Regime 1 (Virtuous),HEALTHY,0.613,-0.1461,-0.0046,0.1236,-0.1763,-0.1763,False,False,False
WMT,Walmart Inc.,Consumer Staples,2022-Q1,2022-03-31,usd,1.25,46.99930953979492,1949.199951171875,29.44,117.62,94.74,21.27,4.7,65.77,0.1002,0.4062,0.4762,0.0958,-0.3043,0.1075,0.0117,Regime 3 (Parasitic),DANGER,0.95,-0.1048,0.0059,0.2494,-0.2028,-0.2028,True,True,True
WMT,Walmart Inc.,Consumer Staples,2022-Q2,2022-06-30,usd,1.25,38.5102653503418,1807.300048828125,28.66,120.67,96.01,27.42,3.85,68.19,0.1265,0.3967,-0.0117,-0.1649,-0.1226,-0.1331,0.0317,Regime 1 (Virtuous),HEALTHY,0.616,0.1787,0.3136,0.7218,0.0,0.0,False,False,True
WMT,Walmart Inc.,Consumer Staples,2022-Q3,2022-09-30,usd,1.25,41.26116943359375,1672.0,28.14,138.02,97.55,10.78,4.13,68.62,0.0458,0.4736,0.9953,-0.0982,-0.8749,-0.0561,0.0421,Regime 3 (Parasitic),DANGER,0.95,0.1458,0.252,0.8989,-0.0088,-0.0088,False,False,False
WMT,Walmart Inc.,Consumer Staples,2022-Q4,2022-12-31,usd,1.25,45.27738952636719,1826.199951171875,28.17,138.02,100.76,10.78,4.53,69.43,0.0451,0.4712,1.0475,-0.0496,-0.8777,-0.0046,0.0449,Regime 3 (Parasitic),DANGER,0.95,0.1032,0.1146,0.944,-0.0462,-0.0462,False,False,False
WMT,Walmart Inc.,Consumer Staples,2023-Q1,2023-03-31,usd,1.25,47.277774810791016,1969.0,28.31,123.11,102.33,24.96,4.73,69.68,0.1107,0.4066,-0.177,-0.0519,0.1001,0.0059,0.0578,Regime 1 (Virtuous),HEALTHY,0.629,0.0926,0.242,0.7776,-0.0057,-0.0057,False,False,True
WMT,Walmart Inc.,Consumer Staples,2023-Q2,2023-06-30,usd,1.25,50.58900451660156,1929.4000244140625,28.27,129.86,104.73,29.26,5.06,73.03,0.1247,0.4015,0.222,0.2042,-0.0142,0.2728,0.0686,Regime 3 (Parasitic),DANGER,0.754,0.0103,0.3107,0.9023,-0.0332,-0.0332,False,False,False
WMT,Walmart Inc.,Consumer Staples,2023-Q3,2023-09-30,usd,1.25,51.6570930480957,1866.0999755859375,28.02,133.68,107.47,24.81,5.17,73.49,0.1029,0.4198,-0.8565,0.1561,0.8101,0.2247,0.0686,Regime 1 (Virtuous),HEALTHY,0.634,0.1355,0.5151,0.9767,-0.0542,-0.0542,False,False,True
WMT,Walmart Inc.,Consumer Staples,2023-Q4,2023-12-31,usd,1.25,51.10977554321289,2071.800048828125,28.11,133.68,110.81,24.81,5.11,74.35,0.1015,0.4204,-0.9596,0.0527,0.8099,0.1212,0.0684,Regime 1 (Virtuous),HEALTHY,0.634,0.284,0.7262,1.1535,-0.0162,-0.0162,False,False,True
WMT,Walmart Inc.,Consumer Staples,2024-Q1,2024-03-31,usd,1.25,58.720245361328125,2217.39990234375,28.0,132.94,111.5,27.36,5.87,74.95,0.1119,0.41,0.13,0.1438,0.011,0.2167,0.073,Regime 1 (Virtuous),HEALTHY,0.636,0.3381,0.4797,1.1134,-0.0192,-0.0192,False,False,True
WMT,Walmart Inc.,Consumer Staples,2024-Q2,2024-06-30,usd,1.25,66.30729675292969,2339.60009765625,27.93,138.34,113.82,31.76,6.63,77.96,0.126,0.402,0.1932,0.2052,0.0097,0.2706,0.0653,Regime 3 (Parasitic),DANGER,0.721,0.3652,0.4639,0.7098,-0.0084,-0.0084,False,False,False
WMT,Walmart Inc.,Consumer Staples,2024-Q3,2024-09-30,usd,1.25,79.30256652832031,2659.39990234375,27.94,142.16,116.6,26.83,7.93,78.38,0.1037,0.4156,0.3543,0.3642,0.0079,0.4286,0.0644,Regime 3 (Parasitic),DANGER,0.905,0.0926,0.2887,0.3548,-0.0204,-0.0204,False,False,False
WMT,Walmart Inc.,Consumer Staples,2024-Q4,2024-12-31,usd,1.25,88.92706298828125,2641.0,28.79,142.16,119.99,26.83,8.89,79.44,0.1024,0.411,0.4768,0.4876,0.0087,0.5538,0.0662,Regime 3 (Parasitic),DANGER,0.95,0.0929,0.2449,0.2082,-0.0923,-0.0923,False,False,False
WMT,Walmart Inc.,Consumer Staples,2025-Q1,2025-03-31,usd,1.25,86.6446762084961,3122.800048828125,28.87,136.68,121.26,28.54,8.66,78.84,0.1106,0.402,0.3531,0.3385,-0.0117,0.389,0.0506,Regime 3 (Parasitic),DANGER,0.904,0.1798,0.4282,0.24,-0.0683,-0.0683,False,False,False
WMT,Walmart Inc.,Consumer Staples,2025-Q2,2025-06-30,usd,1.25,96.73766326904297,3307.699951171875,29.06,149.38,125.48,29.14,9.67,83.27,0.106,0.4104,0.5271,0.3119,-0.1722,0.3777,0.0658,Regime 3 (Parasitic),DANGER,0.95,0.1559,0.168,0.1106,-0.0346,-0.0346,False,False,False
WMT,Walmart Inc.,Consumer Staples,2025-Q3,2025-09-30,usd,1.25,102.19953155517578,3873.199951171875,28.72,152.38,130.2,26.78,10.22,84.52,0.0948,0.4198,0.2906,0.1783,-0.0898,0.2537,0.0754,Regime 3 (Parasitic),DANGER,0.832,0.2108,0.0513,0.0513,-0.0238,-0.0238,False,False,False
WMT,Walmart Inc.,Consumer Staples,2025-Q4,2025-12-31,usd,1.25,110.70502471923828,4341.10009765625,28.73,152.38,136.08,26.78,11.07,85.99,0.0929,0.4191,0.2616,0.1398,-0.0974,0.2191,0.0792,Regime 3 (Parasitic),DANGER,0.799,-0.0194,-0.0295,-0.0295,-0.0729,-0.0729,False,False,True
WMT,Walmart Inc.,Consumer Staples,2026-Q1,2026-03-31,usd,1.25,123.74702453613281,4647.60009765625,28.15,148.8,137.79,29.97,12.37,86.18,0.1046,0.4065,0.3378,0.2674,-0.0563,0.3564,0.089,Regime 3 (Parasitic),DANGER,0.886,-0.1318,-0.1318,-0.1318,-0.1706,-0.1706,False,False,True
WMT,Walmart Inc.,Consumer Staples,2026-Q2,2026-06-30,usd,1.25,112.989501953125,4038.5,28.26,159.0,142.48,37.53,11.3,91.82,0.1245,0.4018,-0.1431,0.0575,0.1605,0.1553,0.0978,Regime 1 (Virtuous),HEALTHY,0.649,-0.0491,-0.0491,-0.0491,-0.0917,-0.0917,False,False,False
