ticker,name,sector,quarter,date,stock_price_inr,VAM,SDI,SDI_linear,prod_growth,mf_growth,sub_growth,regime,prediction,confidence,fwd_return_12m,fwd_drawdown_24m,has_crash_24m,is_correct
TCS.NS,Tata Consultancy Services,Information Technology,2025-Q4,2025-12-31,3089.887939453125,0.7391,-17.6152,-2.2641,12.2809,-0.2806,1.9835,Regime 2 (Subcritical),CAUTION,0.55,-0.3187,-0.3619,True,
TCS.NS,Tata Consultancy Services,Information Technology,2026-Q1,2026-03-31,2314.652099609375,0.7024,-0.7531,-0.772,-0.0151,-0.5206,0.2513,Regime 2 (Subcritical),CAUTION,0.55,-0.1092,-0.1656,False,
TCS.NS,Tata Consultancy Services,Information Technology,2026-Q2,2026-06-30,2020.422119140625,0.654,-8.6042,-8.6948,-0.0725,-8.5141,0.1807,Regime 2 (Subcritical),CAUTION,0.55,0.0419,-0.0241,False,
INFY.NS,Infosys Limited,Information Technology,2025-Q3,2025-09-30,1389.982177734375,0.7992,0.3274,3.7559,2.7428,7.7039,3.948,Regime 2 (Subcritical),CAUTION,0.55,-0.2436,-0.2911,True,
INFY.NS,Infosys Limited,Information Technology,2025-Q4,2025-12-31,1581.1842041015625,0.7993,2.5269,5.8377,2.6486,8.0831,2.2454,Regime 3 (Parasitic),DANGER,0.95,-0.3351,-0.3769,True,True
INFY.NS,Infosys Limited,Information Technology,2026-Q1,2026-03-31,1224.1109619140625,0.799,-0.3699,-0.3481,0.0174,-0.3418,0.0063,Regime 2 (Subcritical),CAUTION,0.55,-0.158,-0.2109,True,
INFY.NS,Infosys Limited,Information Technology,2026-Q2,2026-06-30,1000.4000244140625,0.7988,-0.563,-0.5333,0.0238,-0.4697,0.0636,Regime 2 (Subcritical),CAUTION,0.55,0.051,-0.0151,False,
RELIANCE.NS,Reliance Industries,Conglomerate (Oil / Telecom / Retail),2025-Q4,2025-12-31,1563.172607421875,0.6211,-10.5376,-7.6551,2.306,-9.3307,-1.6756,Regime 2 (Subcritical),CAUTION,0.55,-0.2154,-0.2154,True,
RELIANCE.NS,Reliance Industries,Conglomerate (Oil / Telecom / Retail),2026-Q1,2026-03-31,1337.7149658203125,0.3939,10.6672,7.7046,-2.3701,9.4719,1.7673,Regime 3 (Parasitic),DANGER,0.95,-0.1002,-0.1002,False,True
RELIANCE.NS,Reliance Industries,Conglomerate (Oil / Telecom / Retail),2026-Q2,2026-06-30,1293.9000244140625,0.6204,-25.2786,-21.771,2.8061,-9.6779,12.0931,Regime 2 (Subcritical),CAUTION,0.55,-0.0522,-0.0522,False,
HDFCBANK.NS,HDFC Bank,Financial / Banking,2025-Q3,2025-09-30,935.5269165039062,0.7146,10.8734,-0.6147,-9.1905,0.1175,0.7322,Regime 2 (Subcritical),CAUTION,0.55,-0.2186,-0.2655,True,
HDFCBANK.NS,HDFC Bank,Financial / Banking,2026-Q1,2026-03-31,719.6473999023438,0.6852,13.0318,1.7839,-8.9983,0.6528,-1.1311,Regime 3 (Parasitic),DANGER,0.95,0.0011,-0.059,False,False
YESBANK.NS,Yes Bank Limited,Financial / Banking,2026-Q1,2026-03-31,17.25,0.65,-0.1237,-0.0188,0.0839,0.03,0.0488,Regime 2 (Subcritical),CAUTION,0.55,0.2686,-0.0022,False,
YESBANK.NS,Yes Bank Limited,Financial / Banking,2026-Q2,2026-06-30,24.18000030517578,0.6885,0.054,0.1544,0.0803,0.2315,0.0771,Regime 2 (Subcritical),CAUTION,0.55,-0.0604,-0.086,False,
LT.NS,Larsen & Toubro,Engineering & Construction,2025-Q4,2025-12-31,4044.000732421875,0.7275,-15.7731,-9.7617,4.8091,0.1776,9.9393,Regime 2 (Subcritical),CAUTION,0.55,-0.0393,-0.1815,False,
LT.NS,Larsen & Toubro,Engineering & Construction,2026-Q1,2026-03-31,3470.205322265625,0.6751,0.0638,0.0794,0.0124,0.0173,-0.0621,Regime 2 (Subcritical),CAUTION,0.55,0.0874,0.0,False,
LT.NS,Larsen & Toubro,Engineering & Construction,2026-Q2,2026-06-30,4143.39990234375,0.7156,0.4302,-0.0141,-0.3554,0.1748,0.1889,Regime 2 (Subcritical),CAUTION,0.55,-0.0624,-0.0888,False,
SUNPHARMA.NS,Sun Pharmaceutical Industries,Healthcare / Pharmaceuticals,2026-Q1,2026-03-31,1752.606689453125,0.6784,-0.1661,-0.2049,-0.031,0.0302,0.2351,Regime 2 (Subcritical),CAUTION,0.55,0.0657,-0.0625,False,
SUNPHARMA.NS,Sun Pharmaceutical Industries,Healthcare / Pharmaceuticals,2026-Q2,2026-06-30,1857.6314697265625,0.5941,0.0361,-0.0026,-0.0309,0.1539,0.1565,Regime 2 (Subcritical),CAUTION,0.55,-0.0109,-0.0122,False,
ITC.NS,ITC Limited,Consumer Goods / Tobacco,2025-Q4,2025-12-31,384.25897216796875,0.6486,-13.51,-9.4563,3.2429,-0.1476,9.3087,Regime 2 (Subcritical),CAUTION,0.55,-0.3174,-0.3351,True,
ITC.NS,ITC Limited,Consumer Goods / Tobacco,2026-Q1,2026-03-31,280.0699768066406,0.688,-0.4549,-0.4747,-0.0159,-0.4179,0.0569,Regime 2 (Subcritical),CAUTION,0.55,-0.0763,-0.1002,False,
ITC.NS,ITC Limited,Consumer Goods / Tobacco,2026-Q2,2026-06-30,286.95001220703125,0.631,-0.0343,-0.397,-0.2902,-0.4331,-0.0361,Regime 2 (Subcritical),CAUTION,0.55,-0.0859,-0.1096,False,
ADANIENT.NS,Adani Enterprises,Infrastructure Conglomerate,2025-Q3,2025-09-30,2504.780029296875,0.7999,6.3613,6.3613,0.0,6.3613,0.0,Regime 3 (Parasitic),DANGER,0.95,0.2057,-0.2981,True,True
ADANIENT.NS,Adani Enterprises,Infrastructure Conglomerate,2025-Q4,2025-12-31,2238.698974609375,0.5821,-7.3459,-5.0041,1.8734,-6.4166,-1.4125,Regime 2 (Subcritical),CAUTION,0.55,0.349,-0.2147,True,
ADANIENT.NS,Adani Enterprises,Infrastructure Conglomerate,2026-Q1,2026-03-31,1758.0140380859375,0.3902,7.0327,4.3044,-2.1827,5.9514,1.647,Regime 3 (Parasitic),DANGER,0.95,0.6398,-0.0045,False,False
ADANIENT.NS,Adani Enterprises,Infrastructure Conglomerate,2026-Q2,2026-06-30,3036.0,0.5799,-18.8559,-15.6388,2.5737,-6.1163,9.5225,Regime 2 (Subcritical),CAUTION,0.55,-0.0053,-0.0583,False,
